"vx","vy","rsquared","fctr","grid","X","Y","qsum","sf","vx.u","vy.u"
0.0321765718184047,0.0665491152189549,0.35872826540714,"Myeloid","grid_1",434.77227288,383.8985110125,0.0739196625425921,103.358128008198,3.32571022887163,6.87839196963303
-4.64486795993612e-05,0.0334964356312763,0.330703792850378,"T-cells","grid_1",434.77227288,383.8985110125,0.033496467835879,228.089659507812,-0.0105944635144057,7.64019059786315
-0.114918433472387,-0.0534786327642095,0.386369081501627,"Myeloid","grid_2",151.46534502,448.0618767075,0.12675255624277,60.2764801742276,-6.92687867685162,-3.22350374755667
0.0382918904948845,-0.00715253279415698,0.318726604477352,"T-cells","grid_3",408.1064315625,182.7499981725,0.0389541731146191,196.132977098998,7.51030248151052,-1.40284755071622
0.00128629346209872,-0.136856082539942,0.537505790890371,"CAFs","grid_4",127.618810605,368.6361349275,0.136862127263353,55.8240478660585,0.0718061077979971,-7.639860502471
0.000438864419601729,0.0517558426195294,0.400295614570814,"T-cells","grid_4",127.618810605,368.6361349275,0.0517577032646957,147.614701995701,0.0647828405160258,7.63992328481826
-0.282025312624421,-0.23163070228918,0.564837098758619,"Cancer Epithelial","grid_7",468.95049036,357.4975211775,0.364953502797111,20.9347160250368,-5.90411983166448,-4.84912297510382
0.061175684380147,0.0261732379046622,0.3920421126692,"Endothelial","grid_7",468.95049036,357.4975211775,0.0665394825783415,114.822022164129,7.024315787803,3.00526410279614
0.00621356340676229,0.0780819427934989,0.393492170106866,"Myeloid","grid_7",468.95049036,357.4975211775,0.0783287824533044,97.540108554026,0.606071649202917,7.61612117618713
0.0876137268980069,0.0303677731293211,0.434539614924858,"Plasmablasts","grid_7",468.95049036,357.4975211775,0.092727378835986,82.3941972619953,7.21886269689297,2.50212828962481
0.0221496018816772,0.0058791620496495,0.301334758881598,"PVL","grid_7",468.95049036,357.4975211775,0.0229165750041937,333.391789218147,7.38449540180198,1.96006435483607
-0.176410644666558,0.0344813090781111,0.570373024433132,"CAFs","grid_10",153.0693054,316.3490067375,0.179748925525052,42.5048323436857,-7.49830487519356,1.46562226135592
0.339636863736197,-0.0750998170682911,0.61489824329908,"Cancer Epithelial","grid_10",153.0693054,316.3490067375,0.347840741909643,21.9646436511588,7.46000268276274,-1.64954072017223
0.0433275843918676,0.047266646282486,0.517478049285576,"T-cells","grid_12",348.094055925,293.7747495375,0.0641203198684166,119.154083433749,5.16265860561141,5.63201391477685
-0.0275090754621059,0.148926211316703,0.339235697049453,"CAFs","grid_13",458.2202924475,131.09900859,0.151445586432643,50.4484688089478,-1.38779073541304,7.51309932644547
0.0154649730673613,-0.252409694039115,0.409630796470656,"Cancer Epithelial","grid_13",458.2202924475,131.09900859,0.252883014528247,30.2123808419983,0.467233656022368,-7.62589780452201
-0.00214564563320556,-0.00332849927379578,0.337993006674804,"Plasmablasts","grid_14",389.2995010575,484.9504902,0.00396013921459248,1929.27509094809,-4.13954067414504,-6.421590739173
-0.0557680409516233,0.129995229188639,0.3004928245077,"CAFs","grid_15",284.539601115,494.1658366425,0.14145258570768,54.0124304209532,-3.01216743161243,7.02135827160721
0.00327897585622204,-0.124589083545457,0.482808442972693,"Myeloid","grid_16",493.95049011,181.7351466975,0.124632224650619,61.3019463049602,0.201007601873384,-7.63755330968778
-0.0141046631368517,0.0505995056017495,0.316879466930286,"PVL","grid_16",493.95049011,181.7351466975,0.0525285778347895,145.448406530815,-2.051500777909,7.35961746102149
-0.0108507418434777,0.0247890202182985,0.303722357219904,"T-cells","grid_17",451.084153905,150.490097505,0.0270598248689272,282.344692931595,-3.06364937387673,6.99904830161061
-0.0890263250589543,0.0766090811207942,0.378992956238147,"CAFs","grid_18",316.2995017875,494.2252425825,0.117450576259442,65.0503231803922,-5.79119121664762,4.98344548546054
0.233537129258774,-0.099533084953582,0.425641998924126,"Cancer Epithelial","grid_18",316.2995017875,494.2252425825,0.253863005857109,30.0957515160772,7.02847541195008,-2.99552299239161
-0.0784210115347547,0.0206777519639774,0.397015582080421,"Myeloid","grid_18",316.2995017875,494.2252425825,0.0811013222852618,94.2055903420013,-7.38769768684847,1.94795983071196
-0.0171961729394177,-0.0168123017009015,0.300773669326032,"T-cells","grid_19",476.955440775,231.0965323425,0.0240491549174706,317.690911369603,-5.46306785319293,-5.34111544958013
0.155124825887579,0.152103233490661,0.65930349045183,"CAFs","grid_20",304.69306626,367.7846497875,0.217253550592312,35.1671948401765,5.45530497653696,5.34904404798695
-0.184973966285123,-0.272388216856466,0.56886137377911,"Cancer Epithelial","grid_20",304.69306626,367.7846497875,0.329257815223109,23.204302495365,-4.29219186744743,-6.32057858011051
-0.038740636424959,-0.0166721036283517,0.35905867188345,"T-cells","grid_20",304.69306626,367.7846497875,0.0421757744446425,181.151337325841,-7.01791809723549,-3.02017386831092
-0.00613161781622541,0.0501608789369542,0.322460165942134,"Plasmablasts","grid_22",142.846533225,357.4925706825,0.0505342508876111,151.188506986913,-0.927030143049475,7.58374839562938
-0.191703639284827,-0.0472223931901162,0.677530728850251,"CAFs","grid_25",143.6806916325,270.4678190775,0.197434140243396,38.697450876435,-7.41844216405841,-1.82738624074222
0.069016595950397,0.0109988402281211,0.410419809390983,"T-cells","grid_25",143.6806916325,270.4678190775,0.0698875167890811,109.321353718404,7.54498769833349,1.20240810307063
-0.0726578941026216,-0.136218556914979,0.56778877043425,"CAFs","grid_26",495.490094055,262.292076585,0.15438479466394,49.4880208898222,-3.59569538116103,-6.7411867901899
-0.157587825235297,-0.0885368761871501,0.60391245254014,"CAFs","grid_29",274.8440566575,433.58415408,0.180755915829522,42.2680381349498,-6.66092820664932,-3.74228005902779
0.343371847828619,0.172114202726944,0.607487839762958,"Cancer Epithelial","grid_29",274.8440566575,433.58415408,0.384093119779009,19.8915251275416,6.83018973917337,3.4236139883498
-0.00253474025452211,-0.0435743032307569,0.47372555710193,"T-cells","grid_30",304.59405636,241.361383725,0.0436479645596888,175.041334011166,-0.443684315523351,-7.62730416611873
-0.0399415083456384,0.0417081424743882,0.360034353709987,"B-cells","grid_32",452.3985103275,168.1361369325,0.0577485345059818,132.30115722865,-5.28430777558574,5.51803551521895
0.0327695652582487,-0.0989776940296349,0.360480040663364,"CAFs","grid_32",452.3985103275,168.1361369325,0.104261346253723,73.2792949441434,2.40133063775056,-7.2530156336888
-0.00638959857722391,0.1044527402654,0.403221045863754,"Endothelial","grid_32",452.3985103275,168.1361369325,0.104647990515485,73.0085490009426,-0.466495320821605,7.62594300594917
0.0547446547910385,-0.116233325859329,0.449989177849504,"Myeloid","grid_32",452.3985103275,168.1361369325,0.128480205745909,59.4659535221307,3.25544309738899,-6.91192555327356
-0.0139074423862809,-0.146217946387749,0.334988292903031,"CAFs","grid_33",179.2698001875,401.06930292,0.14687785673674,52.0173572323708,-0.72342839879579,-7.60587115103519
0.0389158464122788,0.213264449297715,0.375988952282154,"Cancer Epithelial","grid_33",179.2698001875,401.06930292,0.216785996863824,35.2430417735849,1.37151280076236,7.51608789541997
0.021174926708758,-0.0102183324762829,0.335979319285062,"T-cells","grid_34",262.173264705,157.7896023825,0.0235115256782101,324.955430284167,6.88090741988017,-3.32050262661717
-0.142045631927865,0.0923959428423949,0.598355114405735,"CAFs","grid_35",135.13861251,327.4925709825,0.169451974917738,45.0876889874492,-6.40450927438926,4.16591953458004
0.1481085638356,-0.0834612377340784,0.364959076335117,"Cancer Epithelial","grid_35",135.13861251,327.4925709825,0.170005661333817,44.9408442251696,6.6561238957493,-3.75081848384706
0.025180989967175,-0.00773971377780927,0.305414886453811,"T-cells","grid_35",135.13861251,327.4925709825,0.026343603115166,290.020993331833,7.30301572335903,-2.24467947794432
-0.0264427521224054,0.000610187108871247,0.334814604908383,"B-cells","grid_36",412.871283,350.3391054075,0.0264497914569247,288.856642058694,-7.63816458486842,0.176256599296051
-0.13172172104408,0.00331968783077374,0.412332583518726,"CAFs","grid_36",412.871283,350.3391054075,0.131763546256574,57.9841554091355,-7.63777274377875,0.1924892950894
0.417748476863152,-0.0167741268045689,0.728255804568942,"Cancer Epithelial","grid_36",412.871283,350.3391054075,0.418085112449055,18.2742645358629,7.63404617565102,-0.306534830584801
-0.063068563691345,-0.0610709334908327,0.400669086276942,"Endothelial","grid_37",383.7648476475,189.76237434,0.0877912446860788,87.0268780300312,-5.48866019989594,-5.31481268008684
0.0663540015171935,0.0832174393691074,0.321363828193606,"Myeloid","grid_37",383.7648476475,189.76237434,0.106433057517365,71.7840689877151,4.76316022252117,5.97368640865301
-0.0181089606312942,0.00217513465613573,0.320705741619469,"Plasmablasts","grid_37",383.7648476475,189.76237434,0.0182391245929756,418.890605437416,-7.58567348268516,0.911143473016602
-0.0407806627124718,-0.171029547088558,0.539478485475861,"CAFs","grid_38",479.2499952075,274.0222744875,0.17582425438086,43.453606388401,-1.77206686576589,-7.43185061997267
-0.00370934197138418,0.310234052304034,0.548974393318097,"Cancer Epithelial","grid_38",479.2499952075,274.0222744875,0.310256227055707,24.625445928691,-0.0913442001473451,7.63965188025168
-0.0469360560410759,-0.0446652701031813,0.306266701990807,"Myeloid","grid_39",317.8589077125,381.3341546025,0.0647918182341039,117.919177939947,-5.53466114410695,-5.26689193303284
0.0170836780310965,0.0290217076736305,0.451395970801398,"T-cells","grid_39",317.8589077125,381.3341546025,0.0336765730347348,226.869816460235,3.87577089938061,6.58414949327914
-0.0801754011412955,-0.0998966841505474,0.398592619319,"CAFs","grid_40",447.7747479975,301.6014821325,0.128091539347616,59.6463902480394,-4.78217326476681,-5.95847660732868
0.152158798406965,0.220660584220681,0.487254104059313,"Cancer Epithelial","grid_40",447.7747479975,301.6014821325,0.268036179202107,28.5043532785142,4.33718814422637,6.28978724726964
-0.0259020387328534,-0.0316941015523822,0.310348985564405,"Endothelial","grid_40",447.7747479975,301.6014821325,0.0409320373757642,186.655696447784,-4.83476307909824,-5.9158845985467
-0.0457809485379397,-0.167805139107619,0.687838213006895,"CAFs","grid_41",359.7103924425,404.93068902,0.173938092320115,43.9248116470025,-2.01091954155012,-7.37080912870123
0.113312991969744,0.347040737458558,0.682752114629234,"Cancer Epithelial","grid_41",359.7103924425,404.93068902,0.36507137330242,20.9279568383768,2.37140940517014,7.26285357469116
0.0710855180759505,0.0855458929412004,0.370995414322204,"CAFs","grid_42",279.0321754275,358.3292043375,0.111226124086177,68.6906786168369,4.88291247646647,5.87620543901434
-0.146368012826308,-0.229868758991161,0.495159342615414,"Cancer Epithelial","grid_42",279.0321754275,358.3292043375,0.272512828209716,28.0361038179104,-4.10358880321961,-6.44462439157041
0.0797897710449557,0.129817170783517,0.442626835098845,"Myeloid","grid_42",279.0321754275,358.3292043375,0.152377509474474,50.1399318688818,4.00065368402775,6.50902409849654
0.10126876447115,-0.0725243196390719,0.50295540868657,"CAFs","grid_43",427.292074935,413.2846493325,0.124559783223252,61.3375982656155,6.21158279198666,-4.44846758250848
-0.262426898237326,0.16489654465068,0.419397649897685,"Cancer Epithelial","grid_43",427.292074935,413.2846493325,0.309933456335707,24.6510913462806,-6.46910944016943,4.06487978486995
0.0312062433637194,-0.0270088264518053,0.510166369927168,"T-cells","grid_43",427.292074935,413.2846493325,0.041271131934797,185.12208377203,5.77696479818883,-4.99993023299532
0.246824942557614,0.0732281668744118,0.358317482550895,"Cancer Epithelial","grid_45",159.36633504,190.529701065,0.257458572769206,29.6754458832836,7.32464022551307,2.17307850321367
0.0867681861694606,0.0838686549000863,0.414790136040467,"CAFs","grid_46",322.2846502425,172.0123745175,0.120675885767986,63.3117204384083,5.49344314570865,5.3098688325796
-0.198690149727535,-0.225096181522036,0.424932350427876,"Cancer Epithelial","grid_46",322.2846502425,172.0123745175,0.300243345529175,25.446685354289,-5.05600572311317,-5.72795170564317
0.0567661613952794,0.0543492761427794,0.496123019578704,"Endothelial","grid_46",322.2846502425,172.0123745175,0.0785890634681378,97.2170631158819,5.51863949521121,5.28367700907507
0.0408319749116259,0.0264563614030411,0.44288549639812,"PVL","grid_46",322.2846502425,172.0123745175,0.04865376895855,157.031985536598,6.41192609375316,4.15449496119335
-0.0327714896289144,0.0249567144028623,0.534294229125498,"T-cells","grid_46",322.2846502425,172.0123745175,0.0411923309158887,185.476222722153,-6.07833210934926,4.62887711899845
-0.0476800114387515,0.0274714835908677,0.302590488645346,"B-cells","grid_47",144.8292064725,381.0173229225,0.0550278647730655,138.842347870631,-6.62000473465479,3.81420528124558
0.100160528957996,-0.0484476557100643,0.3518170334311,"CAFs","grid_47",144.8292064725,381.0173229225,0.111262333720565,68.6683236627797,6.87785562072289,-3.32681930300161
-0.0467868587226719,0.0455215862128016,0.450955255766544,"T-cells","grid_47",144.8292064725,381.0173229225,0.0652780587982271,117.040826336697,-5.47597260659983,5.3278840665035
0.0130942391213352,-0.0156321183298002,0.504568548513027,"Cancer Epithelial","grid_49",265.6361359575,106.0519791375,0.0203917194381342,374.671589935285,4.90603939058346,-5.85691062868275
-0.0114325954572317,0.0163835049074906,0.500719746822213,"T-cells","grid_49",265.6361359575,106.0519791375,0.019978074780681,382.429139307664,-4.37215764076184,6.26552968061451
0.10313092152796,0.0159773594186083,0.363331827535645,"CAFs","grid_51",399.2004910575,252.11880936,0.104361214007876,73.2091708211003,7.55012925107794,1.16968923494701
-0.0383116228129896,-0.00502424868603733,0.319652446137576,"T-cells","grid_51",399.2004910575,252.11880936,0.0386396624910717,197.72941715434,-7.57533484904933,-0.993441764328618
0.0244451740440765,-0.139517003009734,0.485892402513694,"CAFs","grid_52",473.4653418,295.7648485275,0.141642368883267,53.9400604751012,1.31857416626186,-7.52555557964995
-0.0587606584868858,0.291774791364379,0.533867248305489,"Cancer Epithelial","grid_52",473.4653418,295.7648485275,0.297632901174482,25.669870210085,-1.50837847681748,7.48982102489822
0.0183996482222773,-0.0534356242582111,0.373749574388997,"Endothelial","grid_52",473.4653418,295.7648485275,0.0565147148499244,135.189533623033,2.48743986199754,-7.2239371223232
0.0190494556714475,-0.0498474537641598,0.36234704213362,"Plasmablasts","grid_52",473.4653418,295.7648485275,0.0533633807788496,143.173049231322,2.72736865467804,-7.13681195183208
-0.228640542860524,0.270887623344553,0.457108183227962,"Cancer Epithelial","grid_53",202.86138411,429.33662937,0.35448075028246,21.5532096942135,-4.9279375648717,5.83849774951228
0.205309095150319,0.0683749945195677,0.628079150733191,"CAFs","grid_55",391.2995010375,129.8019789,0.216395389107517,35.3066577569448,7.24877795686033,2.41409253063535
-0.291388368984122,-0.147357389224121,0.615459340170601,"Cancer Epithelial","grid_55",391.2995010375,129.8019789,0.326529296906382,23.3982004548599,-6.81796346770518,-3.44789773157081
0.143326065851748,-0.0159127377630081,0.570314004459329,"Myeloid","grid_55",391.2995010375,129.8019789,0.144206714044992,52.9808753635168,7.59354043123467,-0.843070776114258
-0.0558953214801525,0.00609428857435659,0.454469640469326,"Normal Epithelial","grid_55",391.2995010375,129.8019789,0.0562265712683704,135.882337675068,-7.59518694782259,0.828106177950033
-0.0962505539575936,0.142727439873868,0.424244214189434,"CAFs","grid_56",197.8836613875,386.40593673,0.172149037842482,44.3812991298322,-4.27172462660402,6.33442920307729
0.195393205009336,-0.26644500463549,0.581313963257015,"Cancer Epithelial","grid_56",197.8836613875,386.40593673,0.33041102442114,23.1233142319787,4.51813847822431,-6.16109156772746
-0.022566357240976,0.0655700917973679,0.401328713409253,"T-cells","grid_57",234.6064332975,264.16831419,0.0693446278917308,110.177214525238,-2.48629838279216,7.22433007039813
-0.114511960784718,-0.0420350696242179,0.453874863923956,"CAFs","grid_59",168.3440577225,271.1014824375,0.121983344113341,62.6331242099833,-7.17224186335799,-2.63278773694893
0.28173893505031,0.239735689519158,0.662445411586765,"Cancer Epithelial","grid_59",168.3440577225,271.1014824375,0.369932464583076,20.6529533762621,5.81874108987178,4.95125001826522
-0.139233610871263,-0.139810410132652,0.484415572156304,"Myeloid","grid_59",168.3440577225,271.1014824375,0.197314341034074,38.7209459959154,-5.39125712736249,-5.4135913404132
-0.0236364552238201,-0.148528023673442,0.627116815754202,"CAFs","grid_60",400.94059005,406.1806890075,0.150396994091924,50.8002037509489,-1.20073674132024,-7.54525386533662
0.0682329883524184,0.358708599962761,0.660203810711692,"Cancer Epithelial","grid_60",400.94059005,406.1806890075,0.365140521425308,20.9239936273763,1.42770661346285,7.50561645970589
-0.00696543126683687,-0.0554657186403957,0.519087710107261,"Endothelial","grid_60",400.94059005,406.1806890075,0.0559013700818555,136.672820938245,-0.951985140290048,-7.58065623194988
-0.0226847567931936,-0.0609222341613692,0.352264516082422,"Myeloid","grid_60",400.94059005,406.1806890075,0.0650085902475899,117.525974864272,-2.66604815667899,-7.15994496072436
-0.00592879633732228,-0.0323725655228457,0.350919991772035,"Plasmablasts","grid_60",400.94059005,406.1806890075,0.0329109954960403,232.14727565197,-1.37635391760474,-7.51520289199351
-0.00486830714518821,-0.0243251673871408,0.511053571596554,"T-cells","grid_60",400.94059005,406.1806890075,0.0248075428624503,307.97882667229,-1.49933552245539,-7.49163651049869
-0.103551851350973,-0.168886088108658,0.328725341567662,"Cancer Epithelial","grid_61",311.499996885,159.0569291025,0.198104761868208,38.5664527765504,-3.99362758505166,-6.51333734165888
-0.0124372497283919,0.0334526921296895,0.55240190833594,"T-cells","grid_61",311.499996885,159.0569291025,0.0356898836020821,214.071808935636,-2.66246454754109,7.16127831796952
0.0190124729504669,0.0165996902931126,0.33403894685,"Cancer Epithelial","grid_63",210.163364235,135.351483795,0.0252393313207678,302.709998387056,5.75526565616978,5.02489222185374
-0.0197775677701643,-0.0171889373195425,0.349503742830067,"T-cells","grid_63",210.163364235,135.351483795,0.0262032775255044,291.574133654219,-5.76662718837325,-5.01184950738229
0.131826772679418,-0.0264667984043857,0.522226957987366,"CAFs","grid_65",314.48514537,189.04950306,0.134457388836945,56.8224476876104,7.49071989440276,-1.50390826779174
-0.324608441234681,0.0780816081904575,0.563668909646974,"Cancer Epithelial","grid_65",314.48514537,189.04950306,0.333867305464937,22.8839356784589,-7.42831868989924,1.78681449950106
0.0882877683273172,0.0118387299037479,0.43067438489537,"Endothelial","grid_65",314.48514537,189.04950306,0.0890779746174773,85.7697761563269,7.57242212677565,1.01540521381967
0.0377016692187278,-0.0108479467101022,0.440646514660776,"PVL","grid_65",314.48514537,189.04950306,0.0392312861082018,194.747577796149,7.34230875921886,-2.11261134585411
-0.174525184122784,0.290215053042943,0.52693726435819,"Cancer Epithelial","grid_66",194.71286934,271.1509873875,0.338649991740455,22.5607504200252,-3.93741912100308,6.54746937983622
0.128817964584142,-0.226738905731549,0.596508351791154,"Myeloid","grid_66",194.71286934,271.1509873875,0.260776914952113,29.2978308482673,3.77408693660429,-6.64295810684415
0.0234292415681642,0.023081261385191,0.502168714256161,"B-cells","grid_67",467.9034606675,381.6064318275,0.0328888124989472,232.303855411155,5.44270314564383,5.36186600753248
-0.208577312521034,-0.0769232864489018,0.387685776767388,"Cancer Epithelial","grid_67",467.9034606675,381.6064318275,0.222309890235672,34.3673326242956,-7.16824587729202,-2.64364817194338
0.0130774968095404,0.0711085756974079,0.333543020316916,"Myeloid","grid_67",467.9034606675,381.6064318275,0.0723011096769443,105.67193197363,1.38192435324312,7.51418057383819
0.0515777611828448,-0.0327756867291543,0.339071034928327,"Plasmablasts","grid_67",467.9034606675,381.6064318275,0.0611106462836242,125.022371845662,6.44837403756838,-4.09769409374926
0.0263538225420058,0.0413434796387457,0.448261630787362,"T-cells","grid_67",467.9034606675,381.6064318275,0.0490286372563517,155.831333909045,4.10675132032304,6.4426095805472
-0.0192231084470342,0.0159772600649637,0.320136307832635,"T-cells","grid_69",469.262371545,192.86138421,0.0249960144333036,305.656646334006,-5.87567086003539,4.88355572906305
0.240392273364469,0.0669033405880986,0.394228516235512,"Cancer Epithelial","grid_71",166.945542885,305.202967245,0.24952855963834,30.6185310189483,7.36045827872548,2.04848200906796
-0.128092894601109,-0.0269120329053872,0.328255120433886,"Myeloid","grid_71",166.945542885,305.202967245,0.130889446336942,58.3713825462459,-7.47695935221727,-1.57089256781751
-0.00603568538095665,-0.0217678207361417,0.477558236590759,"Cancer Epithelial","grid_74",222.905938365,192.9975228225,0.0225891017443965,338.224955992119,-2.04141942235634,-7.36242021052588
0.00402628531269398,0.0230423338657478,0.499677116455449,"T-cells","grid_74",222.905938365,192.9975228225,0.0233914540676676,326.623472029494,1.31507928821346,7.52616709089332
-0.0520275926620213,-0.0807342533043527,0.5141154041952,"B-cells","grid_75",129.1905927675,436.25742138,0.0960462912080242,79.5470376555435,-4.13864087261309,-6.42217068769353
0.171047447255108,0.239951455199416,0.406565575209828,"Cancer Epithelial","grid_75",129.1905927675,436.25742138,0.294675974699001,25.9274545581944,4.43482491600196,6.22133045085549
-0.0277118708822496,-0.0938648315538576,0.608400947652076,"T-cells","grid_75",129.1905927675,436.25742138,0.0978700893553722,78.0646875232532,-2.16331854110755,-7.32752874467469
0.0606703034525736,-0.126591685170852,0.444395920295053,"CAFs","grid_77",468.82177749,426.886134345,0.140379273667531,54.4253987343942,3.30200545674301,-6.88980294188251
-0.12795871737391,0.329363609056064,0.592031025297082,"Cancer Epithelial","grid_77",468.82177749,426.886134345,0.35334660083608,21.6223898158974,-2.76677326740091,7.12162834618104
0.033596994855056,-0.0757320698045379,0.378958086864311,"Myeloid","grid_77",468.82177749,426.886134345,0.0828498911295003,92.2173564652948,3.09822605071138,-6.98381127701966
-0.00556579734241334,0.0271044926388281,0.34278314744988,"Normal Epithelial","grid_77",468.82177749,426.886134345,0.0276700491735216,276.117974908088,-1.53681669093599,7.4840376183444
0.0335465790761754,-0.0334343551161766,0.335059819866846,"Plasmablasts","grid_77",468.82177749,426.886134345,0.0473627392551223,161.312416966544,5.41147975173716,-5.3933766335082
-0.00319517642918895,-0.042889634131264,0.378067324926369,"T-cells","grid_77",468.82177749,426.886134345,0.0430084860036637,177.643964094648,-0.567603806862908,-7.61908462564686
0.109375131615507,-0.0761184028268224,0.334880245467637,"Myeloid","grid_78",281.074254615,535.321776825,0.133255133727807,57.3351114487356,6.2710353608952,-4.36425710937561
-0.0423098361608109,0.00496089202543186,0.444457169447429,"B-cells","grid_79",404.7995009025,332.6856402375,0.042599679407745,179.348719277238,-7.58821492827121,0.889729631233868
0.399676654516689,0.0116891125987217,0.697989977586046,"Cancer Epithelial","grid_79",404.7995009025,332.6856402375,0.399847550347627,19.107777293515,7.63693250392204,0.223352960295195
-0.182372736702434,0.00790246549188712,0.388827871864608,"Normal Epithelial","grid_79",404.7995009025,332.6856402375,0.182543868845781,41.854037562087,-7.63303537224426,0.33075008753054
0.0680082146910976,-0.0740290532843926,0.342560462162729,"CAFs","grid_81",331.292075895,238.470294645,0.100525708133063,76.0024284861227,5.16878947352902,-5.62638782814242
-0.232702649399679,0.242005061177164,0.527167278091963,"Cancer Epithelial","grid_81",331.292075895,238.470294645,0.335733484587094,22.7567350119884,-5.29555252897614,5.50724504876876
0.0186452256996824,-0.0213081234271263,0.371115788813939,"Endothelial","grid_81",331.292075895,238.470294645,0.0283139641409984,269.83851167407,5.03119995262941,-5.74975231214314
0.0159033528841903,-0.0233333819868888,0.362315005928807,"Plasmablasts","grid_81",331.292075895,238.470294645,0.028237622915273,270.568027851509,4.30293882610198,-6.31326714729843
-0.037902768911111,-0.00918242075043556,0.333340166857503,"B-cells","grid_82",394.935639615,363.8341547775,0.0389991889911458,195.906585266032,-7.42540202950326,-1.79889669369379
0.169976994226391,-0.0437157382583895,0.332264680741551,"Cancer Epithelial","grid_82",394.935639615,363.8341547775,0.175508530669351,43.531775431439,7.39940034117424,-1.90302370068378
-0.184035516644833,-0.106982144958975,0.500399594012256,"Normal Epithelial","grid_82",394.935639615,363.8341547775,0.212871441782954,35.8911363563273,-6.60524382230683,-3.83971075241496
-0.0190137977594912,0.0265214187007163,0.373775248252487,"T-cells","grid_82",394.935639615,363.8341547775,0.0326329611763556,234.125181043507,-4.4516088427655,6.20933195483585
-0.0393799212063979,-0.0327022465697786,0.305720528974827,"Myeloid","grid_84",373.80197646,463.75247061,0.0511880369318135,149.257490643319,-5.87774822099855,-4.88105526140423
-0.0274192464545849,-0.115890176526783,0.476565609748129,"CAFs","grid_86",318.4529671125,422.49504528,0.119089664083606,64.1550045689628,-1.75908188157141,-7.43493480457366
0.019846853746233,0.263166221426035,0.520047090765492,"Cancer Epithelial","grid_86",318.4529671125,422.49504528,0.263913542099077,28.9496244968429,0.574558963397205,7.61856329053671
-0.000423605759202987,-0.0164068881687372,0.341357889518832,"Endothelial","grid_86",318.4529671125,422.49504528,0.0164123557486632,465.515009569684,-0.197194839049151,-7.63765270287842
-0.00524837380006612,-0.0550618000077745,0.414466681478631,"Myeloid","grid_86",318.4529671125,422.49504528,0.0553113663512426,138.130703459441,-0.724961565021233,-7.60572516881694
0.0100481836385645,-0.0266818777798802,0.305978741204194,"Plasmablasts","grid_86",318.4529671125,422.49504528,0.028511201242578,267.971800921187,2.69262986561295,-7.14999084063349
0.00443296337852191,-0.0303436005214129,0.360928163377033,"T-cells","grid_86",318.4529671125,422.49504528,0.0306657016374712,249.144729630587,1.10444946240413,-7.55994814792594
0.0577055036444386,-0.00750888786531985,0.391119058997069,"B-cells","grid_87",404.3564316,198.62376039,0.0581919972834089,131.292932019336,7.57632476713084,-0.985863904042258
-0.00434597678213911,-0.019376441775381,0.331680242763426,"B-cells","grid_88",333.68316498,410.1707879775,0.0198578450509017,384.74456436818,-1.67209094379834,-7.45498064987436
-0.0191529501755432,-0.148525025921951,0.609087294424353,"CAFs","grid_88",333.68316498,410.1707879775,0.149754862443739,51.0180291893383,-0.977145771117808,-7.57745410783333
0.00960593918481017,0.369461410918704,0.746617763749239,"Cancer Epithelial","grid_88",333.68316498,410.1707879775,0.369586266283883,20.6722993801168,0.198576850655591,7.63761689591179
0.0764087687044423,-0.0929267361451942,0.383728934155275,"CAFs","grid_90",351.905937075,236.7450471375,0.120306600922508,63.5060577292948,4.85241967636865,-5.90141067023165
-0.282220960679704,0.200822546643792,0.586404845276504,"Cancer Epithelial","grid_90",351.905937075,236.7450471375,0.346378933954525,22.0573400817818,-6.2250437079194,4.42961120741162
0.0371246090300395,-0.0252379693178652,0.30438536170642,"Endothelial","grid_90",351.905937075,236.7450471375,0.0448908865018591,170.194855543421,6.31841747097354,-4.29537254226335
0.0255743861341516,-0.0491918203253087,0.643778191310102,"Plasmablasts","grid_90",351.905937075,236.7450471375,0.0554426227108363,137.803689108429,3.52424475596954,-6.77881431478653
-0.0398964921103354,0.123081553141867,0.340411283051771,"Myeloid","grid_91",432.0321738975,224.54455221,0.129386238860724,59.0495404354723,-2.35586952410275,7.26790914911142
-0.271077661957707,0.126499156892613,0.354794915608282,"Cancer Epithelial","grid_93",267.9628686075,504.133658325,0.29914066174126,25.5404862011315,-6.92345528466581,3.23084997107056
0.132298534741209,-0.0552181729574031,0.437500039034159,"Myeloid","grid_93",267.9628686075,504.133658325,0.143359509344252,53.2939738587794,7.05071465205283,-2.9427958661214
0.00445997350803175,-0.120244546283059,0.408167766381616,"CAFs","grid_95",406.371283065,388.5519763125,0.120327229979382,63.4951701681253,0.283186776837807,-7.63494792803185
0.0221692368667893,0.288127992560044,0.459043396312058,"Cancer Epithelial","grid_95",406.371283065,388.5519763125,0.288979610284077,26.4385363932404,0.586122175712977,7.61768241721004
0.0332146765396156,-0.0943650463146887,0.471801293005908,"Plasmablasts","grid_95",406.371283065,388.5519763125,0.100039875567719,76.3715258544901,2.53665552809378,-7.20680257438241
-0.0373574832240294,0.129719536130141,0.40558022440338,"CAFs","grid_97",217.8193047525,385.8539565375,0.134991627913188,56.5975687641409,-2.11434272562725,7.34181036617814
0.00359805110766252,-0.359437159720428,0.602510583570991,"Cancer Epithelial","grid_97",217.8193047525,385.8539565375,0.359455167941235,21.2549397666444,0.076476359570675,-7.63981517975143
0.119792753900395,0.0920364221140947,0.310702665873514,"CAFs","grid_100",379.7747486775,153.2995034175,0.151066233429594,50.5751534935886,6.05853691593219,4.65475617542106
-0.259207632771504,-0.194647106261294,0.520586081966677,"Cancer Epithelial","grid_100",379.7747486775,153.2995034175,0.324154427492365,23.5696239058156,-6.10942641794111,-4.58775908893403
0.0715437346707172,0.0698179581037454,0.411543881733696,"Endothelial","grid_100",379.7747486775,153.2995034175,0.0999652601877789,76.4285305620006,5.46798251180057,5.33608394470858
0.0445579949177431,0.0793775179527301,0.485911019380083,"CAFs","grid_101",341.63365995,313.1658384525,0.0910285958774802,83.9318443808944,3.7398346953607,6.6623014841502
-0.258290933753697,-0.202521552098756,0.546646745460411,"Cancer Epithelial","grid_101",341.63365995,313.1658384525,0.328221244778344,23.2775850586991,-6.01238918034249,-4.71421265519855
0.0266097015562935,0.0452442000246967,0.479399132143461,"Endothelial","grid_101",341.63365995,313.1658384525,0.052489178435081,145.557582937775,3.87324384122965,6.58563639754809
0.00878983180498078,0.0106408408992262,0.368024318588177,"Plasmablasts","grid_101",341.63365995,313.1658384525,0.0138017621412085,553.566846409294,4.86575947275132,5.8904167397277
0.0164155711528491,0.0174325500579131,0.300856807333813,"PVL","grid_101",341.63365995,313.1658384525,0.0239450366004292,319.072301742193,5.23775407215229,5.56224387221432
-0.0587116012243,-0.109943119219287,0.420829218851703,"CAFs","grid_102",297.490096035,429.509896695,0.124637641112095,61.2992822652077,-3.59897901569068,-6.73943429814044
0.124522896900014,0.174733516180287,0.393491487454176,"Cancer Epithelial","grid_102",297.490096035,429.509896695,0.214564101212431,35.607997331463,4.43401098052175,6.22191057786482
-0.0357209402980384,-0.0196481164516669,0.358927216091563,"T-cells","grid_106",179.6856417675,168.2252458425,0.0407680519018789,187.406500604653,-6.69433641956312,-3.68218474767962
-0.119276223857793,-0.11200820782919,0.55637509440418,"CAFs","grid_107",409.222768185,313.2896008275,0.163623519699588,46.6937635703435,-5.56945579637918,-5.23008477431408
0.319416078682504,0.173520418544489,0.64788412326335,"Cancer Epithelial","grid_107",409.222768185,313.2896008275,0.363505112718875,21.0181306289046,6.71352886672133,3.64707482375025
-0.112978998353952,-0.0616836129359107,0.546827961403242,"Myeloid","grid_107",409.222768185,313.2896008275,0.128721102286647,59.354665301002,-6.70583063334128,-3.66121020036754
0.0634004499267802,-0.0358158925041558,0.300254132501755,"CAFs","grid_108",314.7648483375,224.9183145825,0.0728175473823954,104.922483907321,6.65213268715953,-3.75789240489364
-0.146484469561224,0.134070591662886,0.306939271947713,"Cancer Epithelial","grid_108",314.7648483375,224.9183145825,0.198576492494629,38.4748358046795,-5.63596591430365,5.15834400046575
-0.0517730027397354,0.154773453682123,0.58415870352142,"CAFs","grid_110",140.0668302825,216.95049288,0.163203142670051,46.8140369015212,-2.42370326076053,7.24557017205081
0.0304283796994947,0.256855901058577,0.348165232560995,"Cancer Epithelial","grid_111",181.5470278875,258.777225135,0.258651967322405,29.538526315853,0.898809494502291,7.58714479280092
0.0538788288494634,-0.200354793708062,0.378654659498659,"Myeloid","grid_111",181.5470278875,258.777225135,0.207472821256159,36.8250544680594,1.98409080705674,-7.3780761912362
0.223473442505565,-0.108513511548922,0.356887646657288,"Cancer Epithelial","grid_112",158.7301964325,171.71286957,0.248426169503066,30.7544006280937,6.87279178055541,-3.33726800773681
-0.0617320858167961,0.162020770054787,0.322881953727207,"Cancer Epithelial","grid_113",475.4430645525,503.33662863,0.17338275677944,44.0655004298904,-2.72025525409806,7.13952631250039
-0.127271389456346,-0.0120645731707471,0.519443427894414,"CAFs","grid_114",281.222769465,453.0024707175,0.12784193560777,59.7628462607199,-7.6061004814678,-0.721013231604564
0.259828333480437,0.0547758356742826,0.536473898375442,"Cancer Epithelial","grid_114",281.222769465,453.0024707175,0.265539366296293,28.772373942005,7.47587797162711,1.57603082700628
-0.0480182791624388,-0.0204599775302068,0.336037899352021,"Endothelial","grid_114",281.222769465,453.0024707175,0.0521954577933605,146.376682309162,-7.02875639399296,-2.99486363099167
-0.0213991026919389,-0.00913894086482134,0.363471711576234,"PVL","grid_114",281.222769465,453.0024707175,0.023268902770669,328.343713440182,-7.02626084215901,-3.00071378046567
0.0476259109955721,0.0176301044107027,0.393225504568525,"T-cells","grid_116",325.76237298,309.0222741375,0.0507843280913555,150.444009609739,7.1650330114904,2.65234359738446
0.155485229283105,0.0572938361309357,0.573246189499029,"CAFs","grid_118",364.28712507,305.5618781325,0.165705281098154,46.1071481413703,7.16898050035105,2.64165539007645
-0.205867779085178,-0.124345158119715,0.303447182590285,"Cancer Epithelial","grid_118",364.28712507,305.5618781325,0.240506259405615,31.767148024679,-6.53983221171077,-3.95009104414111
0.0140656799606489,0.0460963091150883,0.541999052174847,"T-cells","grid_122",449.975243025,391.5717782625,0.0481945335778776,158.528309669274,2.22980846851065,7.30756996600729
0.0121801737462797,0.0408176197132329,0.382312851319611,"B-cells","grid_124",427.08910464,153.38613708,0.0425961818892686,179.363445373136,2.18467792837615,7.32118890369588
0.0172208905699912,0.0669449950751829,0.341851159110925,"Endothelial","grid_124",427.08910464,153.38613708,0.069124463380484,110.528133887215,1.90339289857706,7.39930537874874
0.0167155862283874,0.048777561130221,0.314690830083095,"PVL","grid_124",427.08910464,153.38613708,0.0515622079896808,148.17437501763,2.47682154244461,7.22758463535474
-0.0011460729692892,0.0468531392953702,0.437392733756136,"T-cells","grid_124",427.08910464,153.38613708,0.0468671542242785,163.018174878691,-0.186830723731327,7.63791325526833
-0.0730644105372237,-0.179672418050687,0.630354658455106,"CAFs","grid_125",315.4579176375,400.73266926,0.193960268857652,39.390530794774,-2.87804591326852,-7.07739191619709
0.0153523195400111,0.316456261228981,0.583603121028798,"Cancer Epithelial","grid_125",315.4579176375,400.73266926,0.316828437780266,24.1146217711012,0.370215379016456,7.6312230466337
-0.0493101244972029,-0.0590392888471301,0.306624680411947,"Myeloid","grid_125",315.4579176375,400.73266926,0.0769228574970049,99.3228565865157,-4.89762242369892,-5.86395081913338
-0.0096764896856331,0.0203927371373508,0.40414318426395,"T-cells","grid_127",268.3044527625,123.6955433175,0.0225720663783636,338.480217775875,-3.27530033609909,6.90253810729667
0.117940466918251,-0.0236336738299703,0.331834104340642,"CAFs","grid_130",378.5866298775,252.6707895525,0.120285095816549,63.5174116255626,7.49127318455759,-1.50114978888251
-0.0102944308126708,-0.0115694682039765,0.347812464722873,"Plasmablasts","grid_130",378.5866298775,252.6707895525,0.0154863778941265,493.34957442164,-5.07875306034417,-5.7077922147165
-0.051008996008019,-0.0293440543087412,0.381553505783675,"T-cells","grid_130",378.5866298775,252.6707895525,0.0588471851240181,129.831153814725,-6.62255680665183,-3.80977242850582
0.106122604141943,0.12609292998135,0.536967197918624,"CAFs","grid_131",485.18811396,345.7697985225,0.164807263496332,46.3583811860941,4.91967213527317,5.84546411294692
-0.262630705809849,-0.326642857356623,0.685270959591858,"Cancer Epithelial","grid_131",485.18811396,345.7697985225,0.419130580960491,18.2286816817125,-4.7874115360512,-5.95426867035889
0.0589857743609757,0.0546889542373221,0.508532486172263,"Endothelial","grid_131",485.18811396,345.7697985225,0.0804375738851928,94.9829485695917,5.60264277246609,5.19451812764832
0.0832875401736355,0.0705514800741227,0.403267513092815,"Plasmablasts","grid_131",485.18811396,345.7697985225,0.109152763083782,69.9954607428089,5.82974974858883,4.93828335387532
0.0235347452873722,0.0131052672307297,0.300116368501461,"PVL","grid_131",485.18811396,345.7697985225,0.026937562342022,283.626181404004,6.67506993617324,3.71699690093088
0.0687425219323721,-0.0806272727678462,0.430636372602096,"CAFs","grid_135",360.6658379775,254.400987555,0.105954194988228,72.1084988116695,4.95692006107162,-5.81391160256839
-0.317291800836111,0.166076116288876,0.605006679456165,"Cancer Epithelial","grid_135",360.6658379775,254.400987555,0.358127579612935,21.3337323856977,-6.7690183672137,3.54302342056289
0.00398465528712943,-0.0207157719291266,0.344431134670054,"Plasmablasts","grid_135",360.6658379775,254.400987555,0.0210955133707819,362.171700167391,1.44312937992065,-7.50266633985168
0.0487931668895259,-0.0318926729112551,0.406464065941885,"T-cells","grid_135",360.6658379775,254.400987555,0.0582916436595626,131.068493934064,6.39524689848359,-4.18012460600992
0.00499818827519067,-0.0223774813280223,0.363059360154109,"Cancer Epithelial","grid_136",249.56435394,208.92078999,0.0229288804048571,333.212865543211,1.66546063770076,-7.45646467694999
-0.00789809581920975,0.0247507976336685,0.451359579797039,"T-cells","grid_136",249.56435394,208.92078999,0.0259804137971709,294.075298532465,-2.32263488587212,7.27859820303768
0.0310450115989452,-0.282805792580959,0.382188002074923,"Cancer Epithelial","grid_138",430.0767283725,362.7202934025,0.284504673182222,26.8543847028711,0.833694684583169,-7.59457555016943
0.0181163044253181,0.0413275212861316,0.335699796949507,"Myeloid","grid_138",430.0767283725,362.7202934025,0.0451238795061602,169.31607005016,3.06738146912719,6.99741348908214
-0.0515100038860171,0.0720357432337825,0.390392626163828,"Plasmablasts","grid_138",430.0767283725,362.7202934025,0.0885574886928312,86.2738776378432,-4.44396777238706,6.21480289730244
-0.148152764649047,0.0792154379211053,0.486832766615508,"CAFs","grid_139",169.2153448425,350.48514501,0.168000974039404,45.4771050411173,-6.73755884007666,3.60248879121622
0.258485860842144,-0.170318364247808,0.456579504413986,"Cancer Epithelial","grid_139",169.2153448425,350.48514501,0.309553364471061,24.6813597276028,6.37978251594404,-4.20368881621704
-0.274182508234873,0.150813537886789,0.354768092543788,"Cancer Epithelial","grid_140",238.985146125,454.688114265,0.31292294743578,24.4155885850077,-6.69432731826814,3.68220129409332
-0.00441608112064514,0.00363046035224935,0.316098242626008,"Normal Epithelial","grid_140",238.985146125,454.688114265,0.00571681859370865,1336.44225685384,-5.90183741932464,4.85190062657852
0.0337545237412584,0.129813140472364,0.303278058251856,"CAFs","grid_141",446.658411375,350.4034618425,0.134129859883238,56.9612012571318,1.92269822016446,7.39431242026668
-0.071512319402376,-0.206264326248265,0.384531550631638,"Cancer Epithelial","grid_141",446.658411375,350.4034618425,0.218309377052289,34.9971130262996,-2.50272472489779,-7.21865593900408
0.00728837869729048,0.0226332547575424,0.339242165457819,"Endothelial","grid_141",446.658411375,350.4034618425,0.0237778191799612,321.316176457376,2.34187397558677,7.27243087947923
-0.0644746095660956,-0.00274449589842282,0.43683664532069,"Myeloid","grid_143",371.4777190575,444.34653021,0.0645329957187556,118.392116440667,-7.63328548321576,-0.324926677977009
0.0107953144624732,-0.0100375382565163,0.364195957989382,"Cancer Epithelial","grid_147",290.955442635,126.6757413075,0.0147407933502479,518.303035790915,5.59524425821742,-5.20248655021986
-0.0113019527869022,0.0106835273262855,0.407215732888908,"T-cells","grid_147",290.955442635,126.6757413075,0.0155522311238245,491.260571076261,-5.55220378037049,5.24839573541985
-0.113930251275591,0.138335856867318,0.59223983004932,"CAFs","grid_151",147.1311866475,236.3688095175,0.179211917714572,42.6321979075544,-4.85709702003842,5.89756162767864
0.0325559975774399,-0.305269972911516,0.554607822748883,"Cancer Epithelial","grid_151",147.1311866475,236.3688095175,0.307001057554628,24.8865525228378,0.810206543644339,-7.59711721450772
0.0609840643605072,0.166896251982641,0.415099031871784,"Myeloid","grid_151",147.1311866475,236.3688095175,0.177689096547254,42.9975619880997,2.62216608762717,7.17613194020509
0.000600268940286679,-0.037426627582923,0.462356014300802,"B-cells","grid_153",384.410887245,387.9232634475,0.037431440995926,204.111777161653,0.122521960176856,-7.63921546911775
0.0283753308279707,0.264395374776739,0.488018330516094,"Cancer Epithelial","grid_153",384.410887245,387.9232634475,0.265913658172966,28.7318748344636,0.815276453735753,7.59657481489636
-0.0193521246768512,-0.142246644349379,0.427401124758318,"Normal Epithelial","grid_153",384.410887245,387.9232634475,0.143557001076809,53.220657203003,-1.02993279357647,-7.57045989719577
0.0502555641898857,0.0990079294492825,0.498547703877578,"CAFs","grid_154",470.2400943075,211.0915820475,0.111032390886074,68.8105325160416,3.45811213380015,6.8127883487158
-0.00652218606384755,-0.0697510135312571,0.317923820547047,"Endothelial","grid_154",470.2400943075,211.0915820475,0.0700552838812967,109.059552971704,-0.711306696521489,-7.60701435504215
-0.000604353672187582,-0.0672570311264961,0.445537068131395,"PVL","grid_154",470.2400943075,211.0915820475,0.0672597463518229,113.592428723052,-0.0686500014314826,-7.6398895143606
0.0198208052604493,0.0199516926548535,0.46135806064445,"Cancer Epithelial","grid_155",218.232671085,154.1806915275,0.0281235552689626,271.665437400505,5.3846277307102,5.42018531196123
-0.0214580604890087,-0.0213352894724477,0.527640687257338,"T-cells","grid_155",218.232671085,154.1806915275,0.0302595924761569,252.488461284471,-5.4179126750189,-5.38691440995707
-0.0189386238199135,0.00127315917262531,0.334066770216365,"Cancer Epithelial","grid_156",250.3143539325,173.64356262,0.0189813699840405,402.510353563724,-7.62299216976373,0.51245974871631
0.0211315646847728,-0.00269023049702407,0.414508938924371,"T-cells","grid_156",250.3143539325,173.64356262,0.0213021211655988,358.6590219822,7.5790263227942,-0.96487543896934
-0.14737929475652,-0.153961906556368,0.362718261686097,"Cancer Epithelial","grid_158",357.48514494,326.717818515,0.213131239365328,35.8473866437943,-5.2831625624267,-5.51913199274184
0.154389903104796,0.17265760431973,0.571061349894549,"Normal Epithelial","grid_158",357.48514494,326.717818515,0.231617983995494,32.9862034527882,5.09273675487105,5.69531886376163
-0.0303722373177474,-0.0534320181392057,0.333477477724034,"T-cells","grid_158",357.48514494,326.717818515,0.0614609905721831,124.309710472807,-3.77556402738056,-6.64211870486244
0.0134267226881303,-0.0185058708373532,0.333928155109099,"Cancer Epithelial","grid_159",295.6435614,147.8539589175,0.0228635985267576,334.16428015295,4.48673112189235,-6.18400100696759
-0.015594600440857,0.0181673522648795,0.364958556817939,"T-cells","grid_159",295.6435614,147.8539589175,0.0239425197342761,319.105843002075,-4.9763281199602,5.79730825960005
-0.0645933785583444,0.00296315237816777,0.328625347146937,"B-cells","grid_161",143.10890946,405.1212830775,0.0646613085670081,118.157181051827,-7.63217152506748,0.35011773203132
0.0129074476514131,-0.0405131233150202,0.30203783162757,"B-cells","grid_162",458.3440548225,244.58415597,0.0425195880226044,179.686546806105,2.31929469656298,-7.27966322880588
-0.0975322882750861,0.0831215867815928,0.370098237062282,"Myeloid","grid_162",458.3440548225,244.58415597,0.128147358323394,59.6204092176377,-5.81491493889324,4.95574301873794
0.112888582997499,0.0178292978998274,0.398252232402056,"CAFs","grid_163",392.7103921125,285.62375952,0.114287864774805,66.8504740941166,7.54665529319587,1.1918970173687
-0.0354603884336993,-0.00773834743681089,0.324645252245954,"T-cells","grid_163",392.7103921125,285.62375952,0.0362949193265619,210.503235305682,-7.46452649048989,-1.62894717136812
-0.0473515587983932,0.0535712338242356,0.387716047102667,"Endothelial","grid_164",414.96039189,134.549503605,0.0714985819026407,106.858034664291,-5.0598945114869,5.72451676099899
-0.0696723279596762,0.167010577291809,0.46225103755001,"CAFs","grid_165",178.638612075,378.7252437375,0.180960675868168,42.2202111411541,-2.94158039715326,7.05122183606623
0.161055682768151,-0.172309039469781,0.377620234318839,"Cancer Epithelial","grid_165",178.638612075,378.7252437375,0.235858724737742,32.3931113928279,5.21709467235667,-5.58162590953579
0.0349930403170233,-0.0393391323465553,0.314677958907589,"B-cells","grid_167",413.42573844,235.6806907125,0.0526505479972299,145.111461020348,5.0778912059472,-5.70855897008148
-0.0705493066012951,0.108634740624533,0.412861112725962,"Myeloid","grid_167",413.42573844,235.6806907125,0.129532665889663,58.9827893290481,-4.16119488857461,6.40758002007264
-0.0778096040982606,0.115519723119652,0.39501525408496,"Myeloid","grid_169",407.7054414675,216.26732457,0.139280798818678,54.8546390328098,-4.26821774609592,6.33679271289865
0.0710629179589506,-0.243517537138409,0.313794589147821,"Cancer Epithelial","grid_170",198.549502965,207.064354365,0.253674455164089,30.1181210321629,2.14028156398634,-7.33429065698884
-0.00425528378933104,0.0550431246907807,0.557677272838087,"T-cells","grid_170",198.549502965,207.064354365,0.0552073637828557,138.390921425823,-0.588892644533889,7.61746874411359
0.168414448598467,0.319365806553951,0.531111902066185,"Cancer Epithelial","grid_171",179.5668298875,420.47524332,0.361051166585266,21.1609839559837,3.56381544474799,6.75809470857795
0.104303406038355,-0.0275148303635168,0.387796884250195,"CAFs","grid_176",394.163362395,231.5321759025,0.10787152729583,70.8268264566911,7.38747923832037,-1.9487881151421
-0.0131473347048187,-0.00597877194984314,0.336058928855167,"Plasmablasts","grid_176",394.163362395,231.5321759025,0.0144429264302205,528.992374247202,-6.95483980052468,-3.1627247688301
-0.0624157038235155,-0.00231022030162844,0.544476838290232,"T-cells","grid_176",394.163362395,231.5321759025,0.0624584437976713,122.324500561522,-7.63496979740738,-0.282596544583786
0.0763722469916752,0.192125014024295,0.36707241444566,"Myeloid","grid_184",187.024750605,224.6856413175,0.206748013592376,36.9541540479485,2.82227178031834,7.09981736471808
-0.0309313545876559,-0.150206435786811,0.577238355243333,"CAFs","grid_185",339.4628678925,393.1311841875,0.15335814959892,49.819314874244,-1.54097889368932,-7.48318172060104
0.0188734550597999,0.219401043099578,0.465846180383889,"Cancer Epithelial","grid_185",339.4628678925,393.1311841875,0.220211319007623,34.6948466492566,0.654811629041393,7.61208554502679
-0.2104221585697,0.0659773524769649,0.635051510329845,"CAFs","grid_187",153.01980045,339.8688084825,0.220523232011962,34.6457734801636,-7.29023844101289,2.28583640873784
0.292643812602147,-0.0551523738835576,0.487761495007717,"Cancer Epithelial","grid_187",153.01980045,339.8688084825,0.297795542947359,25.6558505469323,7.50802591960515,-1.41498106166509
-0.0379554501659189,0.0256583622129736,0.35593519916867,"PVL","grid_189",472.7004903225,154.0594044,0.0458144927806661,166.763778876194,-6.32959429861572,4.27888544240962
0.0352277304154158,-0.120675659044258,0.460745771635294,"CAFs","grid_190",421.91088687,397.9876197825,0.125712400645232,60.7752131387667,2.14097282439191,-7.33408889907594
-0.14313419447644,0.284503071576984,0.491910059034871,"Cancer Epithelial","grid_190",421.91088687,397.9876197825,0.318479819400159,23.989582629725,-3.43372958553169,6.82510994400661
0.0415958854811585,-0.0787446453739113,0.548983552189509,"Plasmablasts","grid_190",421.91088687,397.9876197825,0.0890558075816771,85.7911252603355,3.56855782162864,-6.75559173485392
0.148385955446348,0.00451589617949386,0.545087758532485,"CAFs","grid_191",371.113857675,272.648512125,0.148454656686914,51.4648587919537,7.63666224375543,0.232409959196775
-0.262988111455123,0.0400697228366567,0.447113504508032,"Cancer Epithelial","grid_191",371.113857675,272.648512125,0.266023174657658,28.7200464893033,-7.55303078712523,1.15080430268228
-0.000543252723155905,-0.0407390962309923,0.454468868954845,"T-cells","grid_195",255.925740015,248.3292054375,0.0407427181866805,187.523029474693,-0.101872396416572,-7.63951874329672
-0.0398279973574428,0.18127791942058,0.33142926826845,"Myeloid","grid_196",210.34653255,220.608908685,0.185601598707982,41.1645050289723,-1.63949979751435,7.46221582563008
-0.00591672115617802,-0.0409227951931584,0.326932646326675,"T-cells","grid_197",233.6212847925,247.1113836675,0.0413483101911209,184.776546080972,-1.09327129936279,-7.56157275177084
0.101461296561388,0.0860486568487551,0.457565881190939,"CAFs","grid_198",466.2846488025,336.3242540625,0.133036709390276,57.4292462465135,5.82684578471447,4.9417095033489
-0.233053821974263,-0.168933346900935,0.493748249042288,"Cancer Epithelial","grid_198",466.2846488025,336.3242540625,0.287841205583848,26.543100137115,-6.18597093400025,-4.48401474328951
0.033971694090144,0.0208567029854526,0.437352303071951,"Endothelial","grid_198",466.2846488025,336.3242540625,0.0398632419501689,191.660225551917,6.5110225516977,3.99740039846117
0.077615302360128,0.035526276180686,0.400214139270199,"Plasmablasts","grid_198",466.2846488025,336.3242540625,0.0853595422886069,89.5060790926916,6.94704139184879,3.17981768569728
0.0685170669538133,0.167440208342115,0.512087760973089,"CAFs","grid_205",359.826729075,157.381186545,0.180916588055391,42.230499842617,2.89350998520959,7.07108369203943
-0.133328390749224,-0.316055518366717,0.598770603016043,"Cancer Epithelial","grid_205",359.826729075,157.381186545,0.343027040435345,22.272873688627,-2.96960640626539,-7.03946463917542
0.0324048627668341,0.0795555012834704,0.521874540679195,"Endothelial","grid_205",359.826729075,157.381186545,0.0859019959919536,88.9408663346502,2.88211656793767,7.07573520583923
0.00638001129544317,0.00803886868709319,0.474076567514588,"Plasmablasts","grid_205",359.826729075,157.381186545,0.0102629408016567,744.445290200512,4.74956936031874,5.9844979326469
0.0161238014938448,0.0415834925567714,0.530587413606767,"PVL","grid_205",359.826729075,157.381186545,0.0446000429128939,171.304721798624,2.76208332923933,7.1234486238529
-0.00191983602534205,-0.00618844533259025,0.330516253872516,"B-cells","grid_207",379.301976405,407.3143523625,0.00647940012645147,1179.15205023528,-2.26377858539763,-7.29711800169277
-0.0303885163277825,-0.136987135036362,0.627278981966832,"CAFs","grid_207",379.301976405,407.3143523625,0.140317272956947,54.4494471877616,-1.65463791490402,-7.45887377456514
0.115698753671308,0.359235246997799,0.666818987200039,"Cancer Epithelial","grid_207",379.301976405,407.3143523625,0.377407159824325,20.243913620919,2.34219557536994,7.27232730981294
-0.0120655662190396,-0.0454122551061297,0.493516307155848,"Endothelial","grid_207",379.301976405,407.3143523625,0.0469877728990238,162.599703540295,-1.96185749026165,-7.38401921735296
-0.0345575486114056,-0.0714593461674912,0.461705380400116,"Myeloid","grid_207",379.301976405,407.3143523625,0.0793767114506201,96.2523869252625,-3.32624654013358,-6.87813263673964
-0.0168018857823109,-0.0352389674128201,0.472817812955876,"Plasmablasts","grid_207",379.301976405,407.3143523625,0.0390395721052834,195.70393657993,-3.28819518956462,-6.89640464370078
-0.00869414617905921,-0.0275608350904211,0.378812449918359,"PVL","grid_207",379.301976405,407.3143523625,0.028899616064305,264.370222995339,-2.29847336411196,-7.28626411879239
-0.0112712545263677,-0.0363882628519843,0.689425002217734,"T-cells","grid_207",379.301976405,407.3143523625,0.0380939214571467,200.56212779235,-2.26058679069745,-7.29810742426129
0.0176390171531554,0.0188375484765803,0.355340844409797,"T-cells","grid_209",295.183165365,217.8242552475,0.0258067463802941,296.054288704678,5.22210667672705,5.57693701517387
-0.101134730878917,-0.212008382558433,0.657303772109018,"CAFs","grid_210",294.8193039825,414.21781764,0.234895270418528,32.5259760649372,-3.2895058359015,-6.89577957666162
0.206007772671516,0.363542092869457,0.576501949478359,"Cancer Epithelial","grid_210",294.8193039825,414.21781764,0.417854108139412,18.284367186001,3.76672175869623,6.64713711359243
-0.0234793969256864,-0.0845038995658056,0.400563299105044,"Myeloid","grid_210",294.8193039825,414.21781764,0.0877051373741681,87.1123194392291,-2.04534472523084,-7.36133069283699
-0.00390603490289828,-0.195033434806778,0.300478352926243,"Cancer Epithelial","grid_215",134.123761035,144.02970153,0.195072544970307,39.1659315490191,-0.152983495634993,-7.63866615741236
-0.0693685521313939,0.111831632258343,0.325003477446939,"CAFs","grid_218",348.668313345,535.4455392,0.131599050142359,58.056634414421,-4.02730467095004,6.49256818999058
0.13458984403402,-0.216010551022168,0.360178082352343,"Cancer Epithelial","grid_218",348.668313345,535.4455392,0.254509300949891,30.0193270536083,4.04029654615137,-6.48449137816459
0.00546057849197965,0.029631832378776,0.328630092918974,"Plasmablasts","grid_219",495.5222722725,238.7697995925,0.0301307717722422,253.567947119047,1.3846276782937,7.51368290566195
0.0375093599274165,-0.037120477524579,0.329115451059035,"B-cells","grid_220",275.71286853,330.094056105,0.052771980575086,144.777547860445,5.43051315210621,-5.37421171141732
-0.120714118886665,0.151435775918085,0.356566196259726,"Cancer Epithelial","grid_220",275.71286853,330.094056105,0.193661283499042,39.451344147669,-4.76233424768044,5.97434491201367
0.0814156786077788,-0.0941800525494102,0.353987028762529,"Myeloid","grid_220",275.71286853,330.094056105,0.124492550063748,61.3707241074887,4.99653914986196,-5.77989802143864
-0.0335583758370484,0.215171389409232,0.439305679659229,"CAFs","grid_223",195.0470277525,460.48514391,0.217772568082208,35.0833808439815,-1.17734127999663,7.54893980137274
0.0527906337360964,-0.292972540809774,0.435196055752845,"Cancer Epithelial","grid_223",195.0470277525,460.48514391,0.297690713121511,25.6648850858893,1.35486554844818,-7.51910659320386
-0.0232508362604662,0.0773078518740436,0.380225054383995,"Myeloid","grid_223",195.0470277525,460.48514391,0.0807285906491008,94.6405465767301,-2.20047185205658,7.31645735603238
-0.0863717647993835,-0.0440453867066494,0.365490247017387,"CAFs","grid_224",426.1064313825,322.7301947925,0.0969539986008742,78.8022985503881,-6.80629359604492,-3.47087771302468
0.247964090374105,0.118854101498972,0.489880683075602,"Cancer Epithelial","grid_224",426.1064313825,322.7301947925,0.2749772491647,27.7848366241523,6.88964173970105,3.30234179225934
-0.0439706116301133,-0.0166877188059825,0.34195693700412,"Endothelial","grid_224",426.1064313825,322.7301947925,0.0470307840257187,162.451001012911,-7.14306987446183,-2.71093662465382
-0.0406081268924316,-0.0343916792218212,0.32890833490472,"Plasmablasts","grid_224",426.1064313825,322.7301947925,0.0532147307557642,143.572988811419,-5.83023014797976,-4.93771617612044
-0.0310808628178275,-0.0146647173970564,0.396742479003523,"PVL","grid_224",426.1064313825,322.7301947925,0.0343667567546916,222.313615391042,-6.90969898250424,-3.26016634322752
-0.00197351430046197,0.00529598086652248,0.427137325310683,"Plasmablasts","grid_226",412.91088696,515.569301775,0.00565174061972947,1351.83095924981,-2.66785772988672,7.15927089495971
-0.0718726143517577,-0.223480465772606,0.542877550214534,"Normal Epithelial","grid_227",378.024748695,372.0321744975,0.234753469145181,32.5456231646783,-2.33913902255255,-7.27331102370203
0.13578244961443,0.05713614602182,0.38477296077042,"CAFs","grid_228",372.3638576625,136.8242560575,0.147313993922919,51.8633548649673,7.04213336878771,2.96327221674624
-0.239847965805724,-0.113461883175455,0.448916673747137,"Cancer Epithelial","grid_228",372.3638576625,136.8242560575,0.265331199889618,28.7949473962295,-6.90640955846848,-3.26712895751435
0.00797679957480987,-0.0321858737359222,0.364740814712778,"B-cells","grid_233",486.074252565,416.92078791,0.0331596109687887,230.406742425033,1.83790840500933,-7.41584231959726
-0.0344546747765859,0.221746589007436,0.399202970612291,"Cancer Epithelial","grid_233",486.074252565,416.92078791,0.224407384794693,34.0461074861236,-1.17304756084307,7.54960820402845
0.0433021210602237,-0.110457283688492,0.594930006258045,"Myeloid","grid_233",486.074252565,416.92078791,0.118641835825961,64.3971655547173,2.78853385878563,-7.1131359844122
-0.00727294818686512,-0.0533875132264149,0.473414327318106,"T-cells","grid_233",486.074252565,416.92078791,0.0538806305069777,141.798599450513,-1.03129386677362,-7.57027460365136
-0.0203468443843652,0.00752195626999345,0.314443466870912,"B-cells","grid_235",411.8143523175,370.9183131225,0.0216927154254433,352.201086565623,-7.16618070035507,2.6492411713908
-0.0746219986091739,0.102891516450018,0.379352967927824,"CAFs","grid_235",411.8143523175,370.9183131225,0.127102741252153,60.1104104296458,-4.4855589634779,6.18485128353921
0.239702271655868,-0.252753695912964,0.568309414638253,"Cancer Epithelial","grid_235",411.8143523175,370.9183131225,0.348341226148509,21.9330856352407,5.25741045118988,-5.54366845708264
-0.0353397611631283,0.0356729031477885,0.313274172707139,"Endothelial","grid_235",411.8143523175,370.9183131225,0.0502140890394165,152.152475322268,-5.37703213826773,5.42772051586755
-0.00335087579833278,0.0717848722844468,0.469592526173572,"Myeloid","grid_235",411.8143523175,370.9183131225,0.0718630381873059,106.31609984936,-0.356252045958352,7.63188764946681
0.00766420567735522,-0.0395861648685859,0.366244542990494,"T-cells","grid_236",448.5470252175,428.0222729475,0.0403212660722313,189.483086411855,1.45223734664053,-7.5009086985082
-0.0334784573102085,-0.026604037297267,0.307110150425066,"T-cells","grid_237",178.46534475,288.757422855,0.042761921196151,178.668257404854,-5.98153762821776,-4.75329698383645
-0.0153444521362297,0.0758719757421726,0.311294349113531,"Plasmablasts","grid_239",440.0618767875,262.1905914375,0.0774080675019204,98.7002800865744,-1.5145017236209,7.48858525647421
-0.109006176740175,-0.156485134227548,0.645457365696676,"CAFs","grid_240",429.856431345,303.331680135,0.190709055374211,40.062061701309,-4.36701217838867,-6.26911710276165
0.269249827125273,0.30572813906578,0.726004096826028,"Cancer Epithelial","grid_240",429.856431345,303.331680135,0.407388223226463,18.7540962350129,5.04953716916795,5.73365494179105
-0.0544096797233814,-0.0357820176274606,0.328343332104355,"Myeloid","grid_240",429.856431345,303.331680135,0.0651211642485977,117.322809436174,-6.38349648566952,-4.19804683534837
0.146368309781899,0.0711041323143133,0.301621773290726,"CAFs","grid_241",239.965344135,470.56435173,0.162725166279164,46.951544853811,6.87221826190135,3.33844885764679
0.114402336086142,-0.0157978149271078,0.30991158919485,"Myeloid","grid_241",239.965344135,470.56435173,0.115487945078427,66.1558047310618,7.56837860689212,-1.04511715949519
0.127728478416126,-0.0572970100569798,0.60615669654927,"CAFs","grid_245",341.846531235,200.272275225,0.13999111243207,54.5763071002624,6.97094866348773,-3.12705921679655
-0.0176193706292549,0.0686503018687808,0.309983489889261,"Myeloid","grid_245",341.846531235,200.272275225,0.0708752860173826,107.797772294368,-1.8993289030625,7.40034960879045
0.0157878615547295,-0.0438392806028178,0.378128068450238,"PVL","grid_245",341.846531235,200.272275225,0.0465954836464212,163.968636990139,2.58871414011802,-7.18826708707228
-0.0284660866873891,0.0274360790111857,0.603652144769478,"T-cells","grid_245",341.846531235,200.272275225,0.0395355096438882,193.249006076266,-5.50104295921875,5.30199499954153
0.0967388659547039,0.197765029480002,0.618557302152141,"CAFs","grid_247",325.341580905,348.420788595,0.220157705001274,34.7032957277411,3.35715747359239,6.86309830264993
-0.282429254410911,-0.360999376858918,0.69757794124985,"Cancer Epithelial","grid_247",325.341580905,348.420788595,0.458352303190058,16.6688328829712,-4.70776604303763,-6.01743828371803
0.0470799561827369,0.139498493541451,0.391984441684822,"Myeloid","grid_247",325.341580905,348.420788595,0.147228910117893,51.893326774491,2.44313555071948,7.23904090989574
-0.00393655460314366,-0.0295953014517313,0.325552514452283,"T-cells","grid_247",325.341580905,348.420788595,0.0298559597092838,255.901937763677,-1.00737195105699,-7.5734949901982
0.108205532279328,0.028233539265796,0.336792023993125,"CAFs","grid_248",369.024748785,117.99999882,0.111828305698181,68.3207877978629,7.39268720941077,1.92893764496108
-0.193222662546536,-0.053073200388058,0.384343423963446,"Cancer Epithelial","grid_248",369.024748785,117.99999882,0.200379045613566,38.1287270832412,-7.36733416653409,-2.02361357303044
-0.0467723121654454,0.0294597686870473,0.341515586424022,"B-cells","grid_253",306.509897925,306.0470266425,0.0552768229585982,138.217023599971,-6.4647297743966,4.07184154386731
0.193177390778306,-0.130613744198414,0.433785374113872,"Cancer Epithelial","grid_253",306.509897925,306.0470266425,0.233189739228473,32.7638684647026,6.32923862181489,-4.27941153459916
-0.121089565374295,0.0674598454813792,0.399801351876933,"Myeloid","grid_253",306.509897925,306.0470266425,0.138612819013637,55.1189853706703,-6.67433398240657,3.71831823619582
-0.0250808683451815,0.0341208023858696,0.396812369521626,"T-cells","grid_253",306.509897925,306.0470266425,0.0423471263771686,180.418332884075,-4.52504845412261,6.15601828312556
-0.0758296533088536,0.111153605947458,0.368846200871321,"CAFs","grid_254",336.86138277,517.193064135,0.134555789307126,56.7808935070131,-4.30567546920374,6.31140106222309
0.144111099450484,-0.211566067695553,0.389835938995253,"Cancer Epithelial","grid_254",336.86138277,517.193064135,0.255984784674767,29.8462971270227,4.30118269350106,-6.31446371843726
-0.178129258609293,-0.014558961435342,0.303824352524086,"Cancer Epithelial","grid_256",306.01979892,202.559403915,0.178723238922005,42.7487661340682,-7.61480601792362,-0.622377637554354
0.0270666553246146,-0.0951040933683225,0.47702474454239,"Myeloid","grid_260",469.88118342,405.1311840675,0.0988806978427645,77.2668287146303,2.09135462084493,-7.34839169235038
0.127555401289763,0.0729867211818437,0.41652594839688,"CAFs","grid_262",340.18811541,184.391087265,0.146960681364332,51.9880411037229,6.63135544525406,3.79443666082765
0.0562893094833538,0.0721153797636521,0.427068531829315,"Endothelial","grid_262",340.18811541,184.391087265,0.0914828637536481,83.5150718933995,4.70100572833211,6.02272112558121
-0.0262314280087126,0.0167462735453418,0.468144169781249,"T-cells","grid_262",340.18811541,184.391087265,0.0311211422192645,245.498635286934,-6.43977977776638,4.11118730152309
-0.112209605709295,-0.146650201158036,0.571740883236772,"CAFs","grid_264",437.9925698775,282.1806902475,0.184654480349456,41.3756434663325,-4.64274463932553,-6.06774643738082
0.19389707171006,0.300501960404648,0.632272430124434,"Cancer Epithelial","grid_264",437.9925698775,282.1806902475,0.357627603275772,21.3635577159533,4.1423312824322,6.41979097486182
-0.0437290296225093,-0.161776204117058,0.589711803493848,"Myeloid","grid_264",437.9925698775,282.1806902475,0.167582123898255,45.5907692639021,-1.99364009965416,-7.37550159429069
0.000980258546615133,0.00350201777547574,0.337536623214473,"Plasmablasts","grid_266",389.26732284,511.99999488,0.00363662416506848,2100.90391434665,2.05942901765549,7.35740285260853
-0.0754204740824913,-0.0659119838613196,0.492701372801013,"Myeloid","grid_268",365.5717785225,344.37623418,0.100163054702633,76.2776052116468,-5.75289314693951,-5.02760828369017
0.168304403764815,0.135539676483057,0.477854105752421,"Normal Epithelial","grid_268",365.5717785225,344.37623418,0.216095757079498,35.3556129313047,5.95050535414282,4.79208833856923
0.148177662400197,-0.17674412551515,0.540485455704475,"CAFs","grid_269",185.17821597,495.1608861375,0.230640641558468,33.1259828787078,4.90853070767588,-5.85482287572703
-0.202314247046404,0.245039604883359,0.51649199646825,"Cancer Epithelial","grid_269",185.17821597,495.1608861375,0.317766364675914,24.0434444696252,-4.86433136427425,5.89159613287192
0.0401883871373064,-0.0762544814879015,0.408605649367982,"Myeloid","grid_269",185.17821597,495.1608861375,0.0861965916245343,88.636891545319,3.56217371207072,-6.75896020548767
-0.271638014936647,-0.0564727742728383,0.340213866358569,"Cancer Epithelial","grid_271",348.8094024525,273.78217548,0.277446184678747,27.5375851797946,-7.48025497438823,-1.5551238318776
0.179682362262301,0.0187687357186109,0.348444011984809,"Myeloid","grid_271",348.8094024525,273.78217548,0.180659947826395,42.290491253445,7.59885536965218,0.793739053746137
0.039638384026559,0.0158913121576547,0.358204421260459,"T-cells","grid_271",348.8094024525,273.78217548,0.0427052138541536,178.905507170453,7.09152519768872,2.8430432611692
-0.195645442633395,-0.0826027792925336,0.324533175920256,"Myeloid","grid_272",211.63366125,255.8935617975,0.212368449563649,35.9761440981381,-7.03856863632302,-2.97172949073489
-0.0183138844997193,0.0318010479274734,0.40217266531589,"T-cells","grid_273",278.13861108,289.5321753225,0.0366974796785081,208.194077913053,-3.81284229642521,6.62078984992912
-0.0180393804095147,0.0193430130272243,0.402734096594273,"T-cells","grid_274",201.9678197625,188.2549486125,0.0264494120639865,288.860785446452,-5.21086959405975,5.58743793594498
-0.225211834805569,0.192356128844808,0.548863846757435,"Cancer Epithelial","grid_276",340.044551055,256.12871031,0.296177735221018,25.795990160093,-5.80956227458094,4.96201680691425
0.103672004327978,-0.0890899950837049,0.416595906716233,"Myeloid","grid_276",340.044551055,256.12871031,0.136692763910145,55.8932142774014,5.79456155247133,-4.97952618518615
0.0304788493629447,-0.0407019518961205,0.470900856856044,"T-cells","grid_276",340.044551055,256.12871031,0.0508488854021716,150.253007179459,4.57953877215219,-6.11559067046581
-0.120856905905797,0.198221802761736,0.303010234480151,"Cancer Epithelial","grid_277",449.5965301575,410.9727681675,0.232160019803658,32.9091888855861,-3.97730274458137,6.52331874832735
-0.00352733375117635,-0.0942176319573907,0.485711682162519,"Myeloid","grid_277",449.5965301575,410.9727681675,0.0942836372603991,81.0341875366854,-0.285834624697304,-7.6348492572976
0.0216882941567981,-0.0371702286447276,0.351306896793432,"T-cells","grid_277",449.5965301575,410.9727681675,0.0430349625413237,177.534671630389,3.85042418135044,-6.5990043368682
0.0493842219209092,-0.108967049832622,0.368512656317708,"CAFs","grid_279",382.173263505,320.2970265,0.119635359839634,63.8623727436548,3.15379358796847,-6.95889435318733
-0.00380528423950285,-0.12554432258415,0.464497881995603,"Myeloid","grid_279",382.173263505,320.2970265,0.125601978970304,60.8286430360017,-0.231470276655242,-7.63669078366793
0.00182986860286838,0.224934327954183,0.424354993610638,"Normal Epithelial","grid_279",382.173263505,320.2970265,0.224941770934843,33.9652253632032,0.0621518994814745,7.63994514088448
-0.0873274801040612,-0.120746631879564,0.545442470839314,"CAFs","grid_280",413.3094018075,290.9529673875,0.149016233651183,51.2709102639391,-4.47735939599125,-6.19078972776999
0.124266359327377,0.143492334547623,0.339532661293968,"Cancer Epithelial","grid_280",413.3094018075,290.9529673875,0.189821437499582,40.2493946102205,5.00164573334306,5.77547959674906
-0.151420064925799,-0.105603409914386,0.737486481505973,"Myeloid","grid_280",413.3094018075,290.9529673875,0.184608006997744,41.3860594004102,-6.26667980143311,-4.37050899560267
-0.0657986728370373,-0.152681514606944,0.310322362082093,"CAFs","grid_282",197.1658396125,406.39603554,0.166256158531905,45.9543755302985,-3.02373692094846,-7.01638365878226
0.0864272202335968,0.306109595129988,0.40595896566914,"Cancer Epithelial","grid_282",197.1658396125,406.39603554,0.318076639550835,24.0199907613113,2.07598103153681,7.35274964697105
0.0230083016456404,-0.113060735896139,0.31853387787045,"Myeloid","grid_282",197.1658396125,406.39603554,0.115378125942456,66.2187731079157,1.52358150627114,-7.48674321772038
-0.0393915160163905,0.127210447959383,0.307967855299288,"CAFs","grid_284",494.3440544625,144.6905926125,0.133169777367451,57.3718609014316,-2.25996457758887,7.29830012553452
0.0601144004841535,-0.0628435111676242,0.311410138334478,"CAFs","grid_285",456.2252429625,483.896034765,0.0869657866143031,87.8529159666502,5.28122537411989,-5.52098570565853
-0.164499775571275,0.197444122830157,0.443538939184678,"Cancer Epithelial","grid_285",456.2252429625,483.896034765,0.256990968329959,29.7294414393213,-4.89048644462772,5.86990348721733
0.0386666955320176,-0.044949614375813,0.324101566567303,"Endothelial","grid_285",456.2252429625,483.896034765,0.059292336569746,128.856415270678,4.98245177661853,-5.79204617626659
0.0325727741576763,-0.0524813852676532,0.335682346754893,"PVL","grid_285",456.2252429625,483.896034765,0.061767964317588,123.691917449585,4.02898889221527,-6.49152317416641
-0.0196776832899909,0.00666691753161732,0.332451441832969,"T-cells","grid_286",492.22771785,198.78217623,0.0207764051037367,367.734355642974,-7.23616018519134,2.45165462261414
0.221548335909413,0.20593482903058,0.46962147713045,"Cancer Epithelial","grid_289",170.074255725,435.7450451475,0.302477799106123,25.2587064768991,5.59602438718129,5.20164739985381
-0.0787154258516971,-0.0468159226203593,0.406408608934134,"Myeloid","grid_289",170.074255725,435.7450451475,0.0915852001024701,83.4217530217957,-6.56657881440575,-3.90546633432311
0.0362782755529034,0.0999479543182618,0.321541541464013,"CAFs","grid_290",127.54455318,414.499995855,0.106328297501172,71.8547942829216,2.60676802679302,7.18173969653755
-0.0341053752831864,-0.0359702918979032,0.355991091898793,"B-cells","grid_291",148.80197871,429.23761947,0.0495685235046128,154.13406337772,-5.25680007541959,-5.54424725110652
0.16070374231827,0.323640194944976,0.579924418850306,"Cancer Epithelial","grid_291",148.80197871,429.23761947,0.361342868449232,21.1439012929445,3.39790406498429,6.84301633634589
-0.0432806708597345,-0.0623344212587527,0.471012362492895,"T-cells","grid_291",148.80197871,429.23761947,0.0758867349655545,100.678965129649,-4.35745315227504,-6.27576502428683
-0.130061577016021,-0.0667935099017491,0.53686655507842,"CAFs","grid_293",155.1361370625,289.3044525525,0.146210077562696,52.2549339331541,-6.79635911421402,-3.49029044707937
0.315894991364257,0.144818308203248,0.639785836934767,"Cancer Epithelial","grid_293",155.1361370625,289.3044525525,0.347508255959301,21.9856587933692,6.94515949466887,3.18392591118959
-0.17233130398887,-0.0747494810913779,0.55433736948295,"Myeloid","grid_293",155.1361370625,289.3044525525,0.187844518839211,40.6729884407209,-7.00922913511367,-3.04028478037949
-0.0662832624314421,0.0752303170573247,0.349964932125926,"CAFs","grid_294",374.361382395,530.787123405,0.100265006273879,76.2000445352828,-5.05078754921973,5.73255351017159
0.0995623132362197,-0.120518943515604,0.302730380357938,"Cancer Epithelial","grid_294",374.361382395,530.787123405,0.156324885936515,48.8738430712992,4.86599287292254,-5.89022393250041
0.00387171726450624,0.00193341479842278,0.420735069276673,"Plasmablasts","grid_294",374.361382395,530.787123405,0.00432761913285306,1765.45063436834,6.83532570071739,3.41334838237263
-0.124296520277826,0.112842744950037,0.383013031284442,"CAFs","grid_296",316.252472085,516.569301765,0.167878259584245,45.5103475716341,-5.65677783978853,5.13551254361345
0.228084399484692,-0.202598201425957,0.390656871056114,"Cancer Epithelial","grid_296",316.252472085,516.569301765,0.305071343310586,25.043971224861,5.71213913753432,-5.07386352672027
-0.129743679919968,0.0340710487354275,0.470571308772371,"Myeloid","grid_296",316.252472085,516.569301765,0.134142680907707,56.9557570469059,-7.38964951189322,1.9405423741083
-0.0594093980912935,0.0868825137419474,0.441170780186536,"Endothelial","grid_300",401.4232633125,147.4579193175,0.105252305322446,72.5893643848828,-4.31249044593547,6.30674644868881
0.117394853352622,-0.069518023124535,0.469393148582674,"Myeloid","grid_300",401.4232633125,147.4579193175,0.136434259380945,55.9991161902187,6.57400803302719,-3.89294785426515
0.0207176736892054,0.0152388639407466,0.414156467502547,"Cancer Epithelial","grid_302",205.3688098275,170.6212854225,0.0257185726139103,297.069283668864,6.15458448213751,4.52699839480486
-0.0231116780514638,-0.0147545007573224,0.478054381069176,"T-cells","grid_302",205.3688098275,170.6212854225,0.0274197913003061,278.638077865848,-6.43979354851419,-4.11116573089053
0.0371212523814582,-0.1083151656177,0.413871601662185,"CAFs","grid_303",384.3935605125,212.1064335225,0.114499617821011,66.7268423143853,2.47698395417006,-7.22752897642878
-0.0395025114225977,0.0020179826011244,0.543609534551844,"Plasmablasts","grid_303",384.3935605125,212.1064335225,0.0395540220770392,193.158559918868,-7.6302482195676,0.389790613174521
-0.0212393812120383,0.0394361080053966,0.373575926237467,"T-cells","grid_303",384.3935605125,212.1064335225,0.0447919404456158,170.570818486338,-3.62281863748072,6.72664922039613
0.0116652856162371,-0.104675209808945,0.515283671271956,"CAFs","grid_304",363.4430656725,213.24752262,0.105323209394013,72.5404968891341,0.846205614955507,-7.59319173151524
-0.0245658002464523,-0.0544136631058184,0.469568864626454,"Endothelial","grid_304",363.4430656725,213.24752262,0.059701970439359,127.97229115177,-3.14374174151521,-6.9634411376121
0.0192633714411629,0.0891666527946613,0.385773357582809,"Myeloid","grid_304",363.4430656725,213.24752262,0.0912237329310958,83.7523054353726,1.61335176865531,7.4679127395083
-0.0344671029213342,0.00418336138471599,0.372902194161713,"Plasmablasts","grid_304",363.4430656725,213.24752262,0.0347200474692213,220.051483229477,-7.58453712046264,0.920554877591674
0.0163118898051218,0.0593193262333846,0.644706382892085,"T-cells","grid_304",363.4430656725,213.24752262,0.0615212175903334,124.188015820423,2.02574122917945,7.36674942472839
-0.0585831120635596,-0.213276123368631,0.712463654814025,"CAFs","grid_306",495.4480148475,285.8143535775,0.221175689934954,34.5435700715884,-2.02366983657928,-7.36731871218103
0.0184325805502882,0.425064053451879,0.723008240913603,"Cancer Epithelial","grid_306",495.4480148475,285.8143535775,0.425463523186988,17.9573512816566,0.331000323968956,7.63302452504026
-0.00369953824678574,-0.0787590586354992,0.516077733327103,"Endothelial","grid_306",495.4480148475,285.8143535775,0.0788458997056247,96.9003838110172,-0.358486676037076,-7.63178301037428
-0.00601343821156221,-0.0607144557345059,0.337600543652887,"Plasmablasts","grid_306",495.4480148475,285.8143535775,0.0610115282078851,125.225480623391,-0.753035690241944,-7.60299690014112
-0.113171984918799,-0.0459217420368526,0.37546595466699,"Myeloid","grid_309",459.9925696575,263.99009637,0.12213396154289,62.5558841036774,-7.0795735723635,-2.87267517269632
-0.00624680437539037,-0.0253980926338952,0.511527037013938,"Cancer Epithelial","grid_310",241.4925718425,191.26732482,0.0261550315301725,292.111976029784,-1.82476636996678,-7.41908702667463
0.00416402149788078,0.0218343519748479,0.404707030519704,"T-cells","grid_310",241.4925718425,191.26732482,0.022227865421501,343.721621420726,1.43126422088234,7.50493886346555
0.0611280623622489,0.198087694229463,0.692126477183666,"CAFs","grid_313",341.8985114325,164.9925726075,0.207305027949899,36.8548607766835,2.25286622790911,7.30049439240112
-0.0433454679591326,-0.414273312951945,0.687232056354568,"Cancer Epithelial","grid_313",341.8985114325,164.9925726075,0.416534761354652,18.3422817307074,-0.795054785055761,-7.5987178196781
0.0225796638132536,0.100251226681981,0.711744443882644,"Endothelial","grid_313",341.8985114325,164.9925726075,0.102762588859767,74.3480485279139,1.67875394093176,7.4534830663348
-0.0115179375946703,0.0288466197736976,0.482538421602463,"Plasmablasts","grid_313",341.8985114325,164.9925726075,0.03106107465628,245.973393642879,-2.83310619792794,7.09550096086216
0.000200049836612671,0.0595173804884815,0.553183452837396,"PVL","grid_313",341.8985114325,164.9925726075,0.0595177166913164,128.368465192058,0.0256800904878905,7.64015478555809
-0.124695927498269,0.123227743469911,0.497256624806192,"CAFs","grid_317",300.04950195,509.48514342,0.175311582889835,43.5806797101425,-5.43433327746119,5.37034881956578
0.205826107935614,-0.135258260850682,0.334385854315415,"Cancer Epithelial","grid_317",300.04950195,509.48514342,0.246290852116505,31.0210382470312,6.38493956650825,-4.19585168307592
-0.0804776913464215,0.0667672641785597,0.35879732210732,"Myeloid","grid_317",300.04950195,509.48514342,0.104568285681365,73.0641981325088,-5.88003798578183,4.87829661870784
0.186877109900022,0.0528696850432309,0.692067173942008,"CAFs","grid_320",372.0915804375,289.7054426475,0.194211888928447,39.3394965959826,7.351651428779,2.07986679478886
-0.251720250530577,0.0399252393945419,0.424634458495236,"Cancer Epithelial","grid_320",372.0915804375,289.7054426475,0.254866846152826,29.9772138225413,-7.54587177361879,1.19684743824633
-0.250027785274851,0.0151997237596965,0.489987621950367,"Normal Epithelial","grid_321",389.2351446225,343.242570825,0.250489371055576,30.5010863782514,-7.62611907563113,0.463608087320064
-0.0949569680612998,0.0980262878849906,0.46385419383473,"CAFs","grid_323",162.6905924325,228.16831455,0.136477027004202,55.9815678221416,-5.31583994770858,5.48766528358638
0.111329938122526,-0.382739990156079,0.708336632379484,"Cancer Epithelial","grid_323",162.6905924325,228.16831455,0.398602879050115,19.1674429487485,2.13391023745121,-7.33614692552122
-0.009751120302432,0.207104589388798,0.461538501020436,"Myeloid","grid_323",162.6905924325,228.16831455,0.207334018658432,36.8497075050027,-0.359325930990712,7.63174354192089
-0.0533274457459432,-0.0367533119103898,0.376863580394411,"Endothelial","grid_324",365.5074220875,195.6113841825,0.0647659046579982,117.966358746083,-6.29084459587819,-4.33565437792772
0.0693600629276453,0.0563659223471304,0.350093933613539,"Myeloid","grid_324",365.5074220875,195.6113841825,0.0893752512240925,85.4844919455786,5.92920974068312,4.81841223488838
-0.0231103031039388,0.0338071104240815,0.574306541363442,"Plasmablasts","grid_324",365.5074220875,195.6113841825,0.0409512737870504,186.56801698354,-4.3116434219904,6.30732555176443
0.0482444214813977,0.000341733295204181,0.399078686955195,"B-cells","grid_325",134.93069172,253.9876212225,0.0482456317786367,158.360408222141,7.64000628023516,0.0541170241316315
-0.146361278047207,0.00522469887121311,0.417833163992514,"CAFs","grid_325",134.93069172,253.9876212225,0.146454502115526,52.1677233068142,-7.63533465599838,0.27256064507487
0.0643815666559201,0.00800845720863572,0.344378473386543,"T-cells","grid_325",134.93069172,253.9876212225,0.0648777428085568,117.763004886667,7.58176674871241,0.943099985395232
-0.0480799312750882,0.0336559264765365,0.383392565004005,"T-cells","grid_327",256.5272251575,283.608908055,0.0586890209358721,130.181042749857,-6.25909558873243,4.38136360342803
0.103020543586173,0.173312960182286,0.616665183636517,"CAFs","grid_328",306.0767296125,351.3242539125,0.201619975617341,37.8940525114462,3.90386588841215,6.56753041406171
-0.206584667940203,-0.320370321314325,0.671939589035808,"Cancer Epithelial","grid_328",306.0767296125,351.3242539125,0.381201216953734,20.0424279976191,-4.14045833260358,-6.42099909751646
0.0983890621989818,0.144660654142894,0.529541182284883,"Myeloid","grid_328",306.0767296125,351.3242539125,0.174948885156337,43.6710296071484,4.2967516483113,6.31747971006379
-0.0874417260204825,0.107325945760085,0.519938434068639,"CAFs","grid_329",299.4282148275,483.608906055,0.138437401314594,55.1888280973863,-4.82580638588316,5.92319317094276
0.197040392998374,-0.200012471332536,0.480404073420629,"Cancer Epithelial","grid_329",299.4282148275,483.608906055,0.280766638262993,27.2119151715007,5.36184645963092,-5.4427224031432
-0.0921328931846368,0.0409339632558938,0.507920952602454,"Myeloid","grid_329",299.4282148275,483.608906055,0.10081695965663,75.7828640084125,-6.98209451491292,3.10209297074676
0.162384147281189,0.138773391949478,0.647429193378446,"CAFs","grid_330",287.440591185,376.5717784125,0.213603992475333,35.7680484098736,5.80816404094961,4.96365340125129
-0.191072445060445,-0.283832810459168,0.585571968178812,"Cancer Epithelial","grid_330",287.440591185,376.5717784125,0.342154560914401,22.3296685655212,-4.26658437020349,-6.3378925855736
0.0599854926268075,0.124145108866354,0.334830209299034,"Myeloid","grid_330",287.440591185,376.5717784125,0.13787772619651,55.412851329669,3.32396718486624,6.87923446091685
-0.188688038846481,-0.137310084573252,0.331400282780201,"Cancer Epithelial","grid_332",180.6460377975,205.2648494325,0.233360740762547,32.7398598343248,-6.17761994424743,-4.49551292276754
0.0264262118198289,0.0151060637382744,0.322550865561594,"Endothelial","grid_332",180.6460377975,205.2648494325,0.0304390839680053,250.999601414769,6.63296863367931,3.79161597725297
-0.0188412692985328,-0.0590383939759097,0.429894590430245,"Myeloid","grid_333",354.5470261575,461.955440925,0.0619719726330747,123.284730480282,-2.32284080737602,-7.2785324893087
0.00195265587225737,-0.0624226505513918,0.363837316312994,"CAFs","grid_334",342.7747490475,424.89108486,0.0624531838004808,122.334803103204,0.238877771660919,-7.6364626643846
-0.0237259614412818,0.180834048579497,0.37429987246376,"Cancer Epithelial","grid_334",342.7747490475,424.89108486,0.182383865437613,41.8907556601461,-0.993898453538783,7.57527494407872
-0.000730232989828996,-0.0288114295303293,0.384483626695295,"T-cells","grid_334",342.7747490475,424.89108486,0.0288206820148408,265.094279846181,-0.193580588558641,-7.63774516268164
-0.0372920556147233,-0.0275999868632483,0.598357479406009,"Plasmablasts","grid_335",375.2301942675,232.6707897525,0.0463945760496105,164.678688630115,-6.14120681495395,-4.54512964284813
0.117955178183463,0.0274725888837609,0.467576001817707,"CAFs","grid_336",397.47524355,269.16831414,0.121112209129669,63.0836312730455,7.44104096727195,1.73307066725914
0.0667282422528622,0.0933291804444848,0.703859873684384,"Myeloid","grid_341",451.35643113,369.22771908,0.114730092986086,66.592798319501,4.44362037855965,6.21505129066389
-0.0574359111022976,0.164282974280453,0.405246806948186,"CAFs","grid_342",478.48514373,134.6658402375,0.174033845911026,43.9006441730075,-2.52147349605446,7.21212839756951
0.0417605912532422,-0.247037508241641,0.383555455444806,"Cancer Epithelial","grid_342",478.48514373,134.6658402375,0.250542366597067,30.4946346886205,1.27347397464842,-7.53331856821592
0.260117399092864,-0.149095297932312,0.451698390124188,"Cancer Epithelial","grid_343",170.6113844325,329.3193036375,0.299817393051773,25.4828376220344,6.62852944374938,-3.79937126741796
-0.132385328053792,0.0748150769832747,0.327580455759629,"Myeloid","grid_343",170.6113844325,329.3193036375,0.15206304885778,50.2436193459836,-6.65151802972791,3.75898024928811
0.00724616318824868,0.0223238643484337,0.396044724116509,"Cancer Epithelial","grid_344",231.1064333325,137.74257288,0.0234704452535098,325.524201218871,2.35880148375623,7.2669581101423
-0.00609079231516283,-0.026311499872676,0.510291036662044,"T-cells","grid_344",231.1064333325,137.74257288,0.0270072726608274,282.894094466699,-1.72304917658272,-7.44336793054134
0.0388494796328445,0.0407651540932684,0.396721665896606,"Endothelial","grid_345",419.7648472875,273.9133635975,0.0563123419508612,135.675372018215,5.27091760190023,5.53082744698404
-0.0866076385019239,-0.114041340275522,0.534651237571229,"Myeloid","grid_345",419.7648472875,273.9133635975,0.143200245595869,53.3532460898265,-4.62079865025188,-6.08447569213355
0.0625574632792495,0.0582940210397238,0.330457721644592,"Plasmablasts","grid_345",419.7648472875,273.9133635975,0.0855080645372961,89.3506125386286,5.58954766286371,5.20860648723902
-0.00626343318868942,-0.214863878702525,0.616176248982607,"CAFs","grid_346",458.955440955,284.569304085,0.214955151058082,35.5432186937246,-0.222622575599121,-7.63695383010577
0.0431114892357367,0.414419834595033,0.702254300485864,"Cancer Epithelial","grid_346",458.955440955,284.569304085,0.416656212974075,18.3369351169987,0.790532580912891,7.59918961816645
0.0621126998379718,0.0888343639605958,0.454581597416769,"CAFs","grid_347",481.85148033,324.5965314075,0.108395256821715,70.4846149861182,4.37798973382777,6.26145594129929
-0.155643836627508,-0.211170930147229,0.483183408421698,"Cancer Epithelial","grid_347",481.85148033,324.5965314075,0.262332166573938,29.1241369412722,-4.53299241200454,-6.15017108762373
0.0238256937578904,0.0315422040482017,0.453048214727464,"Endothelial","grid_347",481.85148033,324.5965314075,0.0395294108135091,193.278821671407,4.60500201502884,6.09644003135551
0.0539779725099899,0.0689844011410693,0.386355915723524,"Plasmablasts","grid_347",481.85148033,324.5965314075,0.0875926316369201,87.224208253833,4.70818591533103,6.01710977139458
0.016201206774243,0.0188374451133808,0.324380857616613,"PVL","grid_347",481.85148033,324.5965314075,0.0248460950521689,307.500954470231,4.98188654664929,5.79253235214517
0.0912060479811274,-0.225337176661841,0.489247193239439,"Cancer Epithelial","grid_350",227.25742347,212.410888965,0.243095426477475,31.4288016607664,2.8664967922612,-7.0820774321021
-0.0482578028977844,0.1327919240323,0.369021399219135,"Myeloid","grid_350",227.25742347,212.410888965,0.141288749122928,54.0750625285292,-2.60954370918713,7.18073159533034
-0.00908620086580693,0.0504971636394349,0.644106249543815,"T-cells","grid_350",227.25742347,212.410888965,0.0513081141906586,148.908180780322,-1.3530096411319,7.51944077211449
0.0191574306991509,-0.0563265720819547,0.379758377660331,"B-cells","grid_351",439.0915797675,241.608908475,0.0594952928683977,128.416847368076,2.46013685405735,-7.23328080981531
0.0757706430943005,-0.0745566083664506,0.39464046398147,"Endothelial","grid_351",439.0915797675,241.608908475,0.106300885255167,71.8733237739301,5.44588796367556,-5.35863125260801
-0.102352563686545,0.126869484685117,0.528734589343965,"Myeloid","grid_351",439.0915797675,241.608908475,0.163008936679789,46.8698103246219,-4.79724524622714,5.94634868317396
0.145055709784821,-0.0376792704515786,0.57910731967957,"CAFs","grid_353",326.9579175225,210.826730565,0.149869564498404,50.9789827505727,7.39479252699246,-1.92085087840519
-0.32011012331029,0.0981615337926548,0.554650680564535,"Cancer Epithelial","grid_353",326.9579175225,210.826730565,0.334822606408611,22.8186442527003,-7.30447902550555,2.23991311891401
0.0799415454369155,-0.064339229921969,0.449869770613196,"Endothelial","grid_353",326.9579175225,210.826730565,0.102616700364972,74.4537479399209,5.95194767388784,-4.79029680725889
0.0441293992900229,-0.00369388179027391,0.459926861211462,"Plasmablasts","grid_353",326.9579175225,210.826730565,0.0442837288897264,172.528333429764,7.61357171476427,-0.637299269162512
0.0252892999412209,-0.0162975642560773,0.327652331925341,"PVL","grid_353",326.9579175225,210.826730565,0.0300858653224069,253.946425057944,6.42212731229113,-4.13870817998296
0.0460023781664842,0.0952996376339144,0.418431968126996,"CAFs","grid_354",243.8490074625,379.4331645225,0.105821735622355,72.1987585864731,3.32131459564563,6.88051553090936
-0.0556877975348445,-0.273390864259757,0.363448000472487,"Cancer Epithelial","grid_354",243.8490074625,379.4331645225,0.279004830522661,27.3837479053233,-1.52494060909687,-7.48646650650765
0.0606672738671483,-0.0790947396584781,0.409636563443608,"CAFs","grid_355",433.945540215,463.866331995,0.0996819740981989,76.6457327166642,4.64988765747012,-6.06227427515785
-0.183868595614045,0.230063767895298,0.554458901164059,"Cancer Epithelial","grid_355",433.945540215,463.866331995,0.294511456061157,25.9419380338586,-4.76990771379215,5.96830001057585
0.0444637985547642,-0.0466332156030632,0.367179305536392,"Endothelial","grid_355",433.945540215,463.866331995,0.0644335795948078,118.574786492471,5.27228542027543,-5.52952358359061
0.0411684663542603,-0.0409485896456216,0.388096345702546,"PVL","grid_355",433.945540215,463.866331995,0.0580657352999803,131.578424072804,5.41688192438784,-5.38795089357484
0.0172023649965837,-0.0424481199969612,0.30880696677322,"T-cells","grid_356",221.7004928325,295.8935613975,0.045801356451006,166.811608550781,2.86955417595777,-7.08083917664968
0.0769458926806388,0.0939141168209205,0.449019054294531,"CAFs","grid_357",324.0321749775,328.420788795,0.121410591542393,62.9285949960325,4.8420969171081,5.90988342183379
-0.232800460852885,-0.206386322768691,0.582952445926603,"Cancer Epithelial","grid_357",324.0321749775,328.420788795,0.311113112547989,24.5576211199439,-5.71702551417349,-5.06835711889197
0.0689609542737132,0.0786707497083732,0.387084041240422,"Myeloid","grid_357",324.0321749775,328.420788795,0.104616920591359,73.0302316318711,5.03623446416415,5.74534307385545
0.0185048573168573,0.026726572630528,0.506768281770342,"B-cells","grid_358",485.1608862375,369.28712502,0.0325075288032193,235.028567986484,4.34917011597517,6.28150809253973
-0.224816566901483,-0.120727265613704,0.451034384574911,"Cancer Epithelial","grid_358",485.1608862375,369.28712502,0.255181428430697,29.9402585461856,-6.73106613849621,-3.61460554604832
0.054477900396831,-0.0116798789918234,0.307516161876426,"Endothelial","grid_358",485.1608862375,369.28712502,0.0557158972368809,137.12779156938,7.47043417075408,-1.60163601194634
-0.0135701041900955,0.125226493734761,0.633257094020381,"Myeloid","grid_358",485.1608862375,369.28712502,0.125959606465057,60.6559369135492,-0.823107383664719,7.59573030388061
0.0111017003860824,0.0495205039287608,0.506816719777128,"T-cells","grid_358",485.1608862375,369.28712502,0.0507496606966072,150.546778806558,1.67132523240024,7.45515235135245
-0.029323773430591,0.0111172681832845,0.322286935086328,"B-cells","grid_360",472.6658368575,174.04950321,0.0313604422811239,243.6253250165,-7.14401383273794,2.70844807444828
0.0743824650949123,-0.0620842070701261,0.336130896952602,"CAFs","grid_360",472.6658368575,174.04950321,0.0968875630879533,78.8563330513775,5.86552844070686,-4.89573290995255
-0.0644519624863948,0.112730152815573,0.488384841625148,"Endothelial","grid_360",472.6658368575,174.04950321,0.129854313837355,58.8366894993532,-3.79214010443597,6.63266899842454
0.0670233596676863,-0.129265815580554,0.608642192053239,"Myeloid","grid_360",472.6658368575,174.04950321,0.145608316448099,52.4708899173577,3.51677532701464,-6.7826923794047
-0.0286745645543685,0.0522282038235605,0.303687570763719,"PVL","grid_360",472.6658368575,174.04950321,0.0595820100954812,128.229946105485,-3.67693786740491,6.69721976148143
-0.0189555242912443,0.0152743978282613,0.331113808084351,"T-cells","grid_360",472.6658368575,174.04950321,0.0243437698430614,313.846129529426,-5.94911793200804,4.7938106392925
0.0760219626031078,0.159381063053388,0.505631302813093,"CAFs","grid_363",361.8292043025,177.3737606025,0.176583300620575,43.2668203422955,3.28922859801738,6.89591182109503
-0.0585299041240382,-0.232371987549373,0.418454068661409,"Cancer Epithelial","grid_363",361.8292043025,177.3737606025,0.239629902713362,31.8833244803299,-1.86612792498931,-7.40879147917585
-0.00827366474399958,0.0784413682770268,0.354897870216875,"Endothelial","grid_363",361.8292043025,177.3737606025,0.0788764970410594,96.8627947488955,-0.801410289919204,7.59805015524017
-0.00261833794580051,0.0271592223353657,0.523592069303993,"Plasmablasts","grid_363",361.8292043025,177.3737606025,0.0272851434201883,280.013112840998,-0.733168958673305,7.6049383884665
0.0519686103081509,0.010690234849971,0.332196011571116,"B-cells","grid_365",157.56435486,255.7945518975,0.0530567392374238,144.000518185086,7.48350681373252,1.53939935791609
-0.199355895876191,-0.047417958578636,0.698420660177864,"CAFs","grid_365",157.56435486,255.7945518975,0.204917632272979,37.2842388361299,-7.43283283523855,-1.76794249276758
0.0724341733100768,0.0234786168556485,0.444321605768048,"T-cells","grid_365",157.56435486,255.7945518975,0.076144303218091,100.338405113736,7.26792942566508,2.35580696957226
-0.0777587865185931,0.127325513662858,0.471429270920661,"CAFs","grid_366",187.78217634,361.6905904425,0.149191874143181,51.2105500871153,-3.98207023172372,6.5204095947995
0.247956980069081,-0.227259574648916,0.499943689732696,"Cancer Epithelial","grid_366",187.78217634,361.6905904425,0.336347407057918,22.7151979860049,5.63239189428106,-5.16224623236539
0.00628087687998533,0.0472483020267813,0.454993750399657,"Plasmablasts","grid_368",478.2648467025,251.0891064,0.0476639429631611,160.293032183783,1.00678079986587,7.57357359740796
-0.12713760552459,0.0856242452403225,0.386113578429016,"CAFs","grid_369",154.7252459775,516.2747473125,0.153282360731759,49.8439475157234,-6.33704013704242,4.26785038583206
0.189251828240216,-0.117859583844449,0.378261962947406,"Cancer Epithelial","grid_369",154.7252459775,516.2747473125,0.222950972180547,34.2685114519839,6.48537844335873,-4.03887249869955
0.0811907792223907,-0.104622696266465,0.470463865837259,"CAFs","grid_370",346.5321747525,221.4480175875,0.132430552384275,57.6921096064781,4.68406733393353,-6.03590406033019
-0.159828128947029,0.110144228237151,0.376196127791159,"Cancer Epithelial","grid_370",346.5321747525,221.4480175875,0.194105079317018,39.3611438210838,-6.29101797013873,4.33540280870476
0.0144340014439333,-0.0954552138727684,0.655976908165983,"Endothelial","grid_370",346.5321747525,221.4480175875,0.0965403452095517,79.1399484517699,1.14230613022565,-7.55432070534356
0.0406777937068232,-0.0302677645584612,0.483259337655519,"Plasmablasts","grid_370",346.5321747525,221.4480175875,0.0507032589901409,150.684553529106,6.12951518326172,-4.56088458881581
0.0108666747909854,-0.0240490888799945,0.324514501661408,"PVL","grid_370",346.5321747525,221.4480175875,0.026390212143348,289.508773248942,3.14599768803337,-6.96242221940197
0.168038714117527,0.173493004807653,0.415600082398791,"Cancer Epithelial","grid_373",158.29702812,412.79207508,0.241530188919439,31.6324761620103,5.31548061861752,5.4880133388536
-0.0734967699488103,-0.0199625533939316,0.415413369429537,"T-cells","grid_373",158.29702812,412.79207508,0.0761595609947558,100.318303356897,-7.37307126347682,-2.00260948715068
0.0162405707099233,0.0526341924915478,0.37142194724854,"B-cells","grid_374",428.06930265,169.26732504,0.0550827954648393,138.703888917129,2.25263031569997,7.30056718859042
-0.00508413160836233,0.0760866398350137,0.335278260374862,"Endothelial","grid_374",428.06930265,169.26732504,0.0762563122344258,100.191023136716,-0.50938434760354,7.62319829210484
-0.0259737647408802,-0.117525254800548,0.419362439151463,"Myeloid","grid_374",428.06930265,169.26732504,0.12036121456162,63.4772419938361,-1.64874294994782,-7.46017903936165
0.0479707965420947,0.127629966902387,0.511270339852114,"CAFs","grid_375",264.11880924,380.6460357975,0.136347371710596,56.0348017533973,2.68803407418883,7.15171989316789
-0.109730173642567,-0.348593669861036,0.631307130346585,"Cancer Epithelial","grid_375",264.11880924,380.6460357975,0.365456232228721,20.9059177806506,-2.29400998822803,-7.28767060097008
-0.00632841281016327,0.0372859525654792,0.327309843894878,"Endothelial","grid_375",264.11880924,380.6460357975,0.0378191891426959,202.019083872283,-1.2784601582748,7.5324739785835
0.069782668020564,0.145089807345579,0.465080653497278,"Myeloid","grid_375",264.11880924,380.6460357975,0.160998984318677,47.4549449844802,3.31153267178611,6.88522882539329
-0.00499432901496496,0.0200373865394353,0.343909796403975,"Plasmablasts","grid_375",264.11880924,380.6460357975,0.0206504281224497,369.977702064884,-1.84779037231271,7.41338622724609
0.0613052552800538,0.119788069041087,0.344655566225511,"CAFs","grid_376",342.9282143925,340.2153431325,0.134564169857896,56.7773572375787,3.48075037957658,6.80124998874553
-0.299168135338925,-0.186649822832102,0.583519358145285,"Cancer Epithelial","grid_376",342.9282143925,340.2153431325,0.35261839084969,21.667043301371,-6.48208894277892,-4.04414979349638
0.162050454616622,0.108151335876316,0.435063549515871,"Normal Epithelial","grid_376",342.9282143925,340.2153431325,0.19482572030737,39.2155508592311,6.35489784477966,4.24121421255145
-0.0524925648740615,-0.0987338904278269,0.329932192130974,"CAFs","grid_379",359.0717785875,387.2896000875,0.1118206174463,68.3254852091038,-3.58657996489061,-6.74604097006376
0.0868323441027161,0.211201294154563,0.420867006234083,"Cancer Epithelial","grid_379",359.0717785875,387.2896000875,0.228354642245203,33.4575985330575,2.90520170867298,7.06628810948557
