"X","Y","vx","vy","R_squared","Assignment","qsum","sf","vx.u","vy.u"
434.77227288,383.8985110125,0.0321765718184047,0.0665491152189549,0.35872826540714,"Myeloid",0.0739196625425921,103.358128008198,3.32571022887163,6.87839196963303
151.46534502,448.0618767075,-0.114918433472387,-0.0534786327642095,0.386369081501627,"Myeloid",0.12675255624277,60.2764801742276,-6.92687867685162,-3.22350374755667
408.1064315625,182.7499981725,0.0382918904948845,-0.00715253279415698,0.318726604477352,"T-cells",0.0389541731146191,196.132977098998,7.51030248151052,-1.40284755071622
127.618810605,368.6361349275,0.00128629346209872,-0.136856082539942,0.537505790890371,"CAFs",0.136862127263353,55.8240478660585,0.0718061077979971,-7.639860502471
233.7945521175,523.4727670425,0.0877329551499439,0.0357488263346425,0.04573224083763,"Cancer Epithelial",0.094736740516267,80.6466203266527,7.07536632411278,2.88302202453336
414.688114665,462.0618765675,0.00290239653628739,-0.00582262407353532,0.0938120065933407,"Plasmablasts",0.00650590937191459,1174.34742887474,3.40842190996406,-6.83778361006039
468.95049036,357.4975211775,-0.282025312624421,-0.23163070228918,0.564837098758619,"Cancer Epithelial",0.364953502797111,20.9347160250368,-5.90411983166448,-4.84912297510382
190.1806911675,342.292075785,-0.0194690454842687,0.0189222162016698,0.102892339773027,"B-cells",0.027149475097159,281.412363077306,-5.47883009658761,5.32494557597159
365.65346169,482.5569258675,-0.00317634275889097,-0.0275185309454675,0.232150016449471,"Plasmablasts",0.027701240021317,275.807073528861,-0.876057800854307,-7.5898054878828
153.0693054,316.3490067375,0.339636863736197,-0.0750998170682911,0.61489824329908,"Cancer Epithelial",0.347840741909643,21.9646436511588,7.46000268276274,-1.64954072017223
310.2004919475,134.3589095475,-0.0031228670546154,0.00117226903663064,0.074191792965687,"T-cells",0.0033356428668317,2290.47240619524,-7.15284081681279,2.68504988103955
348.094055925,293.7747495375,0.0433275843918676,0.047266646282486,0.517478049285576,"T-cells",0.0641203198684166,119.154083433749,5.16265860561141,5.63201391477685
458.2202924475,131.09900859,0.0154649730673613,-0.252409694039115,0.409630796470656,"Cancer Epithelial",0.252883014528247,30.2123808419983,0.467233656022368,-7.62589780452201
389.2995010575,484.9504902,-0.00214564563320556,-0.00332849927379578,0.337993006674804,"Plasmablasts",0.00396013921459248,1929.27509094809,-4.13954067414504,-6.421590739173
284.539601115,494.1658366425,-0.0557680409516233,0.129995229188639,0.3004928245077,"CAFs",0.14145258570768,54.0124304209532,-3.01216743161243,7.02135827160721
493.95049011,181.7351466975,0.00327897585622204,-0.124589083545457,0.482808442972693,"Myeloid",0.124632224650619,61.3019463049602,0.201007601873384,-7.63755330968778
451.084153905,150.490097505,-0.0108507418434777,0.0247890202182985,0.303722357219904,"T-cells",0.0270598248689272,282.344692931595,-3.06364937387673,6.99904830161061
316.2995017875,494.2252425825,0.233537129258774,-0.099533084953582,0.425641998924126,"Cancer Epithelial",0.253863005857109,30.0957515160772,7.02847541195008,-2.99552299239161
476.955440775,231.0965323425,-0.0171961729394177,-0.0168123017009015,0.300773669326032,"T-cells",0.0240491549174706,317.690911369603,-5.46306785319293,-5.34111544958013
304.69306626,367.7846497875,0.155124825887579,0.152103233490661,0.65930349045183,"CAFs",0.217253550592312,35.1671948401765,5.45530497653696,5.34904404798695
122.698018575,470.94058935,-0.000908734681036537,0.0047728383384249,0.209673706243488,"Normal Epithelial",0.00485857844695927,1572.5171522509,-1.42900087277521,7.50537015209385
142.846533225,357.4925706825,-0.00613161781622541,0.0501608789369542,0.322460165942134,"Plasmablasts",0.0505342508876111,151.188506986913,-0.927030143049475,7.58374839562938
433.17821349,517.9579156125,-0.000307150758718894,0.00721729441493379,0.243593159024023,"Plasmablasts",0.00722382725848398,1057.63851626256,-0.32485447272037,7.63328855644061
240.2103936375,157.1608895175,0.00768332480181619,-0.00995556382534634,0.243734929928805,"T-cells",0.0125756403849167,607.539473899372,4.6679231078934,-6.04839800882253
143.6806916325,270.4678190775,-0.191703639284827,-0.0472223931901162,0.677530728850251,"CAFs",0.197434140243396,38.697450876435,-7.41844216405841,-1.82738624074222
495.490094055,262.292076585,-0.0726578941026216,-0.136218556914979,0.56778877043425,"CAFs",0.15438479466394,49.4880208898222,-3.59569538116103,-6.7411867901899
162.5470280775,492.1782129,-0.0157215345519843,-0.0863395788479505,0.176353761198522,"CAFs",0.0877592703041148,87.0585855707801,-1.3686945610979,-7.51660161327941
264.30692805,463.5519755625,-0.128409470444192,0.0538720284394246,0.270126063079737,"CAFs",0.139252244319207,54.8658873022285,-7.0452995339299,2.95573664109992
274.8440566575,433.58415408,0.343371847828619,0.172114202726944,0.607487839762958,"Cancer Epithelial",0.384093119779009,19.8915251275416,6.83018973917337,3.4236139883498
304.59405636,241.361383725,-0.00253474025452211,-0.0435743032307569,0.47372555710193,"T-cells",0.0436479645596888,175.041334011166,-0.443684315523351,-7.62730416611873
178.2054437625,241.1311857075,0.042245624484493,-0.229558267690654,0.296581061597181,"Cancer Epithelial",0.233413133849016,32.732510880652,1.38280536309861,-7.51401849492795
452.3985103275,168.1361369325,0.0547446547910385,-0.116233325859329,0.449989177849504,"Myeloid",0.128480205745909,59.4659535221307,3.25544309738899,-6.91192555327356
179.2698001875,401.06930292,0.0389158464122788,0.213264449297715,0.375988952282154,"Cancer Epithelial",0.216785996863824,35.2430417735849,1.37151280076236,7.51608789541997
262.173264705,157.7896023825,0.021174926708758,-0.0102183324762829,0.335979319285062,"T-cells",0.0235115256782101,324.955430284167,6.88090741988017,-3.32050262661717
135.13861251,327.4925709825,-0.142045631927865,0.0923959428423949,0.598355114405735,"CAFs",0.169451974917738,45.0876889874492,-6.40450927438926,4.16591953458004
412.871283,350.3391054075,0.417748476863152,-0.0167741268045689,0.728255804568942,"Cancer Epithelial",0.418085112449055,18.2742645358629,7.63404617565102,-0.306534830584801
383.7648476475,189.76237434,-0.063068563691345,-0.0610709334908327,0.400669086276942,"Endothelial",0.0877912446860788,87.0268780300312,-5.48866019989594,-5.31481268008684
479.2499952075,274.0222744875,-0.00370934197138418,0.310234052304034,0.548974393318097,"Cancer Epithelial",0.310256227055707,24.625445928691,-0.0913442001473451,7.63965188025168
317.8589077125,381.3341546025,0.0170836780310965,0.0290217076736305,0.451395970801398,"T-cells",0.0336765730347348,226.869816460235,3.87577089938061,6.58414949327914
447.7747479975,301.6014821325,0.152158798406965,0.220660584220681,0.487254104059313,"Cancer Epithelial",0.268036179202107,28.5043532785142,4.33718814422637,6.28978724726964
359.7103924425,404.93068902,-0.0457809485379397,-0.167805139107619,0.687838213006895,"CAFs",0.173938092320115,43.9248116470025,-2.01091954155012,-7.37080912870123
279.0321754275,358.3292043375,-0.146368012826308,-0.229868758991161,0.495159342615414,"Cancer Epithelial",0.272512828209716,28.0361038179104,-4.10358880321961,-6.44462439157041
427.292074935,413.2846493325,0.0312062433637194,-0.0270088264518053,0.510166369927168,"T-cells",0.041271131934797,185.12208377203,5.77696479818883,-4.99993023299532
453.995044965,223.9975225125,-0.0513118427507746,0.0460328723248829,0.163396527214474,"Myeloid",0.0689342479538233,110.833122434554,-5.68705174993918,5.10196697439794
159.36633504,190.529701065,0.246824942557614,0.0732281668744118,0.358317482550895,"Cancer Epithelial",0.257458572769206,29.6754458832836,7.32464022551307,2.17307850321367
322.2846502425,172.0123745175,-0.0327714896289144,0.0249567144028623,0.534294229125498,"T-cells",0.0411923309158887,185.476222722153,-6.07833210934926,4.62887711899845
144.8292064725,381.0173229225,-0.0467868587226719,0.0455215862128016,0.450955255766544,"T-cells",0.0652780587982271,117.040826336697,-5.47597260659983,5.3278840665035
250.0668291825,303.004947465,0.0454491935158735,0.118387212987333,0.200023422884901,"Cancer Epithelial",0.126811519154024,60.2484537238317,2.73824363232657,7.13264652316071
265.6361359575,106.0519791375,0.0130942391213352,-0.0156321183298002,0.504568548513027,"Cancer Epithelial",0.0203917194381342,374.671589935285,4.90603939058346,-5.85691062868275
276.08910615,305.99009595,0.0430745681075385,0.0211794321295025,0.222811606821864,"B-cells",0.0479998621141683,159.171247726247,6.85623275094612,3.37115663818628
399.2004910575,252.11880936,0.10313092152796,0.0159773594186083,0.363331827535645,"CAFs",0.104361214007876,73.2091708211003,7.55012925107794,1.16968923494701
473.4653418,295.7648485275,-0.0587606584868858,0.291774791364379,0.533867248305489,"Cancer Epithelial",0.297632901174482,25.669870210085,-1.50837847681748,7.48982102489822
202.86138411,429.33662937,-0.228640542860524,0.270887623344553,0.457108183227962,"Cancer Epithelial",0.35448075028246,21.5532096942135,-4.9279375648717,5.83849774951228
149.3539589025,131.7103947225,-0.0168008456564397,0.0195171532308563,0.195007744034267,"T-cells",0.0257524306621381,296.678711366567,-4.9844532392211,5.79032387007427
391.2995010375,129.8019789,0.205309095150319,0.0683749945195677,0.628079150733191,"CAFs",0.216395389107517,35.3066577569448,7.24877795686033,2.41409253063535
197.8836613875,386.40593673,0.195393205009336,-0.26644500463549,0.581313963257015,"Cancer Epithelial",0.33041102442114,23.1233142319787,4.51813847822431,-6.16109156772746
234.6064332975,264.16831419,-0.022566357240976,0.0655700917973679,0.401328713409253,"T-cells",0.0693446278917308,110.177214525238,-2.48629838279216,7.22433007039813
218.00989881,467.5866289875,-0.0955427748918116,0.0950433154465087,0.195506849039763,"CAFs",0.134765179646272,56.6926706398031,-5.41657506895433,5.38825937912383
168.3440577225,271.1014824375,0.28173893505031,0.239735689519158,0.662445411586765,"Cancer Epithelial",0.369932464583076,20.6529533762621,5.81874108987178,4.95125001826522
400.94059005,406.1806890075,0.0682329883524184,0.358708599962761,0.660203810711692,"Cancer Epithelial",0.365140521425308,20.9239936273763,1.42770661346285,7.50561645970589
311.499996885,159.0569291025,-0.0124372497283919,0.0334526921296895,0.55240190833594,"T-cells",0.0356898836020821,214.071808935636,-2.66246454754109,7.16127831796952
161.4084142275,367.5222735525,-0.0564458206493909,0.0982552038993742,0.203017130500345,"CAFs",0.11331467584603,67.4246110343322,-3.80583750179886,6.62481890501431
210.163364235,135.351483795,-0.0197775677701643,-0.0171889373195425,0.349503742830067,"T-cells",0.0262032775255044,291.574133654219,-5.76662718837325,-5.01184950738229
191.688116895,442.84157973,-0.0130408466813776,-0.00444814478332234,0.0633113515095876,"Endothelial",0.0137785947825094,554.497614887296,-7.23111838093479,-2.46648567302561
314.48514537,189.04950306,-0.324608441234681,0.0780816081904575,0.563668909646974,"Cancer Epithelial",0.333867305464937,22.8839356784589,-7.42831868989924,1.78681449950106
194.71286934,271.1509873875,0.128817964584142,-0.226738905731549,0.596508351791154,"Myeloid",0.260776914952113,29.2978308482673,3.77408693660429,-6.64295810684415
467.9034606675,381.6064318275,0.0234292415681642,0.023081261385191,0.502168714256161,"B-cells",0.0328888124989472,232.303855411155,5.44270314564383,5.36186600753248
420.8193027225,254.5123736925,-0.0375687043066422,-0.0406318488820457,0.143391210886096,"Myeloid",0.0553385461216078,138.062859956792,-5.18684276144607,-5.6097492619874
469.262371545,192.86138421,-0.0192231084470342,0.0159772600649637,0.320136307832635,"T-cells",0.0249960144333036,305.656646334006,-5.87567086003539,4.88355572906305
269.6806903725,478.856430855,-0.0969598814934937,0.0383306611618118,0.142692126749732,"CAFs",0.104261489555511,73.2791942257086,-7.10514198806342,2.80883996407623
166.945542885,305.202967245,0.240392273364469,0.0669033405880986,0.394228516235512,"Cancer Epithelial",0.24952855963834,30.6185310189483,7.36045827872548,2.04848200906796
119.9579195925,490.9232624175,0.00162010185784924,0.00532133986234343,0.0566932847041655,"Endothelial",0.00556249835598823,1373.51913734501,2.22524090620414,7.30896213724557
181.34653284,185.27722587,-0.0221922489093014,-0.00126542207282924,0.181263125483452,"T-cells",0.0222282973858726,343.714941849563,-7.62780754337155,-0.434944474177655
222.905938365,192.9975228225,0.00402628531269398,0.0230423338657478,0.499677116455449,"T-cells",0.0233914540676676,326.623472029494,1.31507928821346,7.52616709089332
129.1905927675,436.25742138,-0.0277118708822496,-0.0938648315538576,0.608400947652076,"T-cells",0.0978700893553722,78.0646875232532,-2.16331854110755,-7.32752874467469
231.8193046125,488.1905891775,-0.000862935821803086,-0.00306298695958494,0.14461117036358,"T-cells",0.00318222364819608,2400.89911585285,-2.07182185160478,-7.35392268313629
468.82177749,426.886134345,-0.12795871737391,0.329363609056064,0.592031025297082,"Cancer Epithelial",0.35334660083608,21.6223898158974,-2.76677326740091,7.12162834618104
281.074254615,535.321776825,0.109375131615507,-0.0761184028268224,0.334880245467637,"Myeloid",0.133255133727807,57.3351114487356,6.2710353608952,-4.36425710937561
404.7995009025,332.6856402375,0.399676654516689,0.0116891125987217,0.697989977586046,"Cancer Epithelial",0.399847550347627,19.107777293515,7.63693250392204,0.223352960295195
329.094056115,147.3267312,0.0114292977484613,-0.13960875553455,0.263076471140079,"Cancer Epithelial",0.140075813290264,54.5433059708036,0.623391684125742,-7.61472306932409
331.292075895,238.470294645,-0.232702649399679,0.242005061177164,0.527167278091963,"Cancer Epithelial",0.335733484587094,22.7567350119884,-5.29555252897614,5.50724504876876
394.935639615,363.8341547775,-0.184035516644833,-0.106982144958975,0.500399594012256,"Normal Epithelial",0.212871441782954,35.8911363563273,-6.60524382230683,-3.83971075241496
297.2697990075,177.84158238,0.0247104209265663,0.00815669614276334,0.297434826820122,"T-cells",0.0260218484034754,293.607042241457,7.25515360079054,2.39486342893905
373.80197646,463.75247061,-0.0393799212063979,-0.0327022465697786,0.305720528974827,"Myeloid",0.0511880369318135,149.257490643319,-5.87774822099855,-4.88105526140423
489.658410945,307.5569276175,0.00389683753552916,-0.00355547634929447,0.180265718272293,"T-cells",0.00527510709357652,1448.34935250953,5.6439821214185,-5.14957186836361
318.4529671125,422.49504528,0.019846853746233,0.263166221426035,0.520047090765492,"Cancer Epithelial",0.263913542099077,28.9496244968429,0.574558963397205,7.61856329053671
404.3564316,198.62376039,0.0577055036444386,-0.00750888786531985,0.391119058997069,"B-cells",0.0581919972834089,131.292932019336,7.57632476713084,-0.985863904042258
333.68316498,410.1707879775,0.00960593918481017,0.369461410918704,0.746617763749239,"Cancer Epithelial",0.369586266283883,20.6722993801168,0.198576850655591,7.63761689591179
262.09900728,193.069305,-0.00880590028943741,-0.0115300481713868,0.154951265900751,"Cancer Epithelial",0.0145081318832582,526.614867088192,-4.63731801051396,-6.07189478529532
351.905937075,236.7450471375,0.0255743861341516,-0.0491918203253087,0.643778191310102,"Plasmablasts",0.0554426227108363,137.803689108429,3.52424475596954,-6.77881431478653
432.0321738975,224.54455221,-0.0398964921103354,0.123081553141867,0.340411283051771,"Myeloid",0.129386238860724,59.0495404354723,-2.35586952410275,7.26790914911142
156.06930537,151.7153450175,0.0749382116787689,-0.0939950019261196,0.197334016332357,"Cancer Epithelial",0.120211463499548,63.5563175173283,4.76279677563659,-5.97397618745834
267.9628686075,504.133658325,0.132298534741209,-0.0552181729574031,0.437500039034159,"Myeloid",0.143359509344252,53.2939738587794,7.05071465205283,-2.9427958661214
404.2945504125,423.8292036825,-0.0287141688819324,-0.022252114556173,0.0620278349925654,"Cancer Epithelial",0.0363271261841779,210.316607613394,-6.03906658968612,-4.67998924567894
406.371283065,388.5519763125,0.0332146765396156,-0.0943650463146887,0.471801293005908,"Plasmablasts",0.100039875567719,76.3715258544901,2.53665552809378,-7.20680257438241
223.935641325,369.3985111575,-0.0857823589601765,-0.126489075159817,0.186406280499259,"Cancer Epithelial",0.152833567136145,49.9903135585005,-4.28828702220707,-6.32322852896398
217.8193047525,385.8539565375,0.00359805110766252,-0.359437159720428,0.602510583570991,"Cancer Epithelial",0.359455167941235,21.2549397666444,0.076476359570675,-7.63981517975143
222.4826710425,233.5668293475,-0.158046014312951,0.0626566954956426,0.225783178293197,"Myeloid",0.170012952831962,44.9389168068355,-7.10241668886161,2.81572402626991
455.806926135,522.1163314125,-0.00637751443759513,0.0263963273249166,0.229005231024904,"Myeloid",0.0271558241754116,281.346568384319,-1.79429180183884,7.42651611081451
379.7747486775,153.2995034175,-0.259207632771504,-0.194647106261294,0.520586081966677,"Cancer Epithelial",0.324154427492365,23.5696239058156,-6.10942641794111,-4.58775908893403
341.63365995,313.1658384525,-0.258290933753697,-0.202521552098756,0.546646745460411,"Cancer Epithelial",0.328221244778344,23.2775850586991,-6.01238918034249,-4.71421265519855
297.490096035,429.509896695,-0.0587116012243,-0.109943119219287,0.420829218851703,"CAFs",0.124637641112095,61.2992822652077,-3.59897901569068,-6.73943429814044
232.8143541075,312.9678186525,0.00955058308758135,-0.0152699417157013,0.0879200710265185,"T-cells",0.018010684532069,424.203640333393,4.05139211305854,-6.47756486347922
391.7499960825,444.3836589225,-0.00815347445028363,0.00375767131345206,0.177439921962537,"Plasmablasts",0.00897770790967096,851.018770077141,-6.93875979853577,3.19784881952813
404.7648474375,165.1064339925,-0.00861213052958929,-0.00302974578005512,0.160042011795813,"Plasmablasts",0.00912952089380629,836.867348491782,-7.20721084116252,-2.53549531755889
179.6856417675,168.2252458425,-0.0357209402980384,-0.0196481164516669,0.358927216091563,"T-cells",0.0407680519018789,187.406500604653,-6.69433641956312,-3.68218474767962
409.222768185,313.2896008275,0.319416078682504,0.173520418544489,0.64788412326335,"Cancer Epithelial",0.363505112718875,21.0181306289046,6.71352886672133,3.64707482375025
314.7648483375,224.9183145825,-0.146484469561224,0.134070591662886,0.306939271947713,"Cancer Epithelial",0.198576492494629,38.4748358046795,-5.63596591430365,5.15834400046575
251.7202945125,138.36633525,0.0166004345089744,-0.00229553677840239,0.196815419461936,"T-cells",0.0167583983419582,455.902633861564,7.56818181588783,-1.04654126339974
140.0668302825,216.95049288,-0.0517730027397354,0.154773453682123,0.58415870352142,"CAFs",0.163203142670051,46.8140369015212,-2.42370326076053,7.24557017205081
181.5470278875,258.777225135,0.0538788288494634,-0.200354793708062,0.378654659498659,"Myeloid",0.207472821256159,36.8250544680594,1.98409080705674,-7.3780761912362
158.7301964325,171.71286957,0.223473442505565,-0.108513511548922,0.356887646657288,"Cancer Epithelial",0.248426169503066,30.7544006280937,6.87279178055541,-3.33726800773681
475.4430645525,503.33662863,-0.0617320858167961,0.162020770054787,0.322881953727207,"Cancer Epithelial",0.17338275677944,44.0655004298904,-2.72025525409806,7.13952631250039
281.222769465,453.0024707175,0.259828333480437,0.0547758356742826,0.536473898375442,"Cancer Epithelial",0.265539366296293,28.772373942005,7.47587797162711,1.57603082700628
168.9529686075,130.569305625,0.00650410236926901,-0.0288741798761129,0.0476021405695618,"Cancer Epithelial",0.0295976622581591,258.135182324876,1.67893765095091,-7.45344168680168
325.76237298,309.0222741375,0.0476259109955721,0.0176301044107027,0.393225504568525,"T-cells",0.0507843280913555,150.444009609739,7.1650330114904,2.65234359738446
193.25742381,325.2450462525,-0.00330135455440488,0.00133557760362666,0.00545532921784749,"T-cells",0.00356127918439414,2145.35214674549,-7.08256808046051,2.86528427908566
364.28712507,305.5618781325,0.155485229283105,0.0572938361309357,0.573246189499029,"CAFs",0.165705281098154,46.1071481413703,7.16898050035105,2.64165539007645
457.9628667075,449.2103915475,0.0208756819053791,-0.0138017444232505,0.206877775492985,"Normal Epithelial",0.0250256317430609,305.294908110301,6.37323938904257,-4.21360229545811
215.3465325,448.767322245,0.0708618577200411,-0.0550600591947072,0.193059546645922,"Myeloid",0.089738581435523,85.1383855325311,6.03306416212022,-4.68772454716296
346.46534307,444.301975755,-0.0504015014790903,-0.00219790293369931,0.153971372826465,"Cancer Epithelial",0.0504494016679356,151.442786055001,-7.6329438053487,-0.332856543757884
449.975243025,391.5717782625,0.0140656799606489,0.0460963091150883,0.541999052174847,"T-cells",0.0481945335778776,158.528309669274,2.22980846851065,7.30756996600729
334.5371253675,497.787123735,0.0115971094057087,0.0197648204788648,0.14514104719648,"Cancer Epithelial",0.0229159567797142,333.400783429793,3.86648536138432,6.58960663200273
427.08910464,153.38613708,-0.0011460729692892,0.0468531392953702,0.437392733756136,"T-cells",0.0468671542242785,163.018174878691,-0.186830723731327,7.63791325526833
315.4579176375,400.73266926,-0.0730644105372237,-0.179672418050687,0.630354658455106,"CAFs",0.193960268857652,39.390530794774,-2.87804591326852,-7.07739191619709
361.3589072775,426.688114545,-0.0490532525344226,-0.00141453839515659,0.277777899703106,"Myeloid",0.0490736436702759,155.688417895647,-7.63702327971991,-0.220227244794578
268.3044527625,123.6955433175,-0.0096764896856331,0.0203927371373508,0.40414318426395,"T-cells",0.0225720663783636,338.480217775875,-3.27530033609909,6.90253810729667
257.2400964375,265.97029437,-0.0109692717874235,0.0264751469323245,0.130083837628805,"T-cells",0.0286576050749977,266.602806598995,-2.92443864487429,7.05834847727848
448.7351440275,326.8836600975,-0.00178071280993575,-0.00181771851385291,0.0961977341973925,"Cancer Epithelial",0.00254460973571055,3002.5028341985,-5.34659525872566,-5.45770498961843
378.5866298775,252.6707895525,-0.051008996008019,-0.0293440543087412,0.381553505783675,"T-cells",0.0588471851240181,129.831153814725,-6.62255680665183,-3.80977242850582
485.18811396,345.7697985225,-0.262630705809849,-0.326642857356623,0.685270959591858,"Cancer Epithelial",0.419130580960491,18.2286816817125,-4.7874115360512,-5.95426867035889
236.9282154525,284.7524724,-0.0241380110885211,0.0116724139065506,0.0695709959487308,"T-cells",0.0268121022248425,284.953334853432,-6.87820675640321,3.32609326846118
148.04950347,466.8688072125,-0.000986526476268851,0.000677381995934458,0.0212104225790963,"Normal Epithelial",0.00119669580796274,6384.41105296987,-6.29839053913827,4.32468510192674
172.7400972825,455.7425697,0.0135864983336217,0.0448522298333243,0.125186554275621,"Myeloid",0.0468648637893129,163.026142095441,2.21495440791647,7.31208599410489
360.6658379775,254.400987555,-0.317291800836111,0.166076116288876,0.605006679456165,"Cancer Epithelial",0.358127579612935,21.3337323856977,-6.7690183672137,3.54302342056289
249.56435394,208.92078999,-0.00789809581920975,0.0247507976336685,0.451359579797039,"T-cells",0.0259804137971709,294.075298532465,-2.32263488587212,7.27859820303768
199.4133643425,289.975244625,-0.067471924214793,0.149809274989029,0.241278794140439,"Cancer Epithelial",0.16430240238653,46.5008291566306,-3.13750042078122,6.96625550234351
430.0767283725,362.7202934025,-0.0515100038860171,0.0720357432337825,0.390392626163828,"Plasmablasts",0.0885574886928312,86.2738776378432,-4.44396777238706,6.21480289730244
169.2153448425,350.48514501,-0.148152764649047,0.0792154379211053,0.486832766615508,"CAFs",0.168000974039404,45.4771050411173,-6.73755884007666,3.60248879121622
238.985146125,454.688114265,-0.274182508234873,0.150813537886789,0.354768092543788,"Cancer Epithelial",0.31292294743578,24.4155885850077,-6.69432731826814,3.68220129409332
446.658411375,350.4034618425,-0.071512319402376,-0.206264326248265,0.384531550631638,"Cancer Epithelial",0.218309377052289,34.9971130262996,-2.50272472489779,-7.21865593900408
206.7896018925,501.0816781575,-0.125493958206323,0.129484009826533,0.119387035722594,"Cancer Epithelial",0.180318724338456,42.3705190430442,-5.31724414596801,5.48630470412485
371.4777190575,444.34653021,-0.0644746095660956,-0.00274449589842282,0.43683664532069,"Myeloid",0.0645329957187556,118.392116440667,-7.63328548321576,-0.324926677977009
448.62375789,206.3440573425,-0.0329410912223977,0.00625679030862167,0.186061336042303,"B-cells",0.0335300300609526,227.861350840165,-7.50600154408463,1.42568069164619
206.0396019,364.0767290325,0.104722253538245,-0.0839952575651269,0.179014975467383,"Cancer Epithelial",0.134245870251417,56.9119774715702,5.95995053414063,-4.78033620626524
434.569302585,499.1460346125,0.000552466480273966,-0.000944189097888983,0.0569206815583171,"Normal Epithelial",0.00109394344661811,6984.08858978899,3.85847484112229,-6.5943003051696
290.955442635,126.6757413075,-0.0113019527869022,0.0106835273262855,0.407215732888908,"T-cells",0.0155522311238245,491.260571076261,-5.55220378037049,5.24839573541985
186.5346516,308.767323645,0.0119750525752085,0.0136370410521924,0.105559796121748,"T-cells",0.0181485749533728,420.980598368145,5.04126479860129,5.74092970212291
480.113856585,538.6262322375,-0.00330335437256683,0.00388737387897306,0.152689208430389,"T-cells",0.00510135528910489,1497.68003019068,-4.9473678764364,5.82204222842284
327.787125435,126.15841458,0.0164365904786503,0.0566972917088273,0.0940139653145527,"Cancer Epithelial",0.0590317236211066,129.425289907481,2.12731048778985,7.33806341638398
147.1311866475,236.3688095175,-0.113930251275591,0.138335856867318,0.59223983004932,"CAFs",0.179211917714572,42.6321979075544,-4.85709702003842,5.89756162767864
416.24752059,535.569301575,0.0205607166592636,0.0460336538965115,0.290660916272499,"CAFs",0.0504166674881069,151.541113763664,3.11579390232392,6.97599118208837
384.410887245,387.9232634475,0.0283753308279707,0.264395374776739,0.488018330516094,"Cancer Epithelial",0.265913658172966,28.7318748344636,0.815276453735753,7.59657481489636
470.2400943075,211.0915820475,0.0502555641898857,0.0990079294492825,0.498547703877578,"CAFs",0.111032390886074,68.8105325160416,3.45811213380015,6.8127883487158
218.232671085,154.1806915275,-0.0214580604890087,-0.0213352894724477,0.527640687257338,"T-cells",0.0302595924761569,252.488461284471,-5.4179126750189,-5.38691440995707
250.3143539325,173.64356262,0.0211315646847728,-0.00269023049702407,0.414508938924371,"T-cells",0.0213021211655988,358.6590219822,7.5790263227942,-0.96487543896934
177.361384365,148.8143549475,-0.00891495886063211,0.0189798771947248,0.141394996998891,"T-cells",0.0209693163888,364.351312257406,-3.24817695959209,6.91534316238237
357.48514494,326.717818515,0.154389903104796,0.17265760431973,0.571061349894549,"Normal Epithelial",0.231617983995494,32.9862034527882,5.09273675487105,5.69531886376163
295.6435614,147.8539589175,-0.015594600440857,0.0181673522648795,0.364958556817939,"T-cells",0.0239425197342761,319.105843002075,-4.9763281199602,5.79730825960005
355.480194465,500.1757375725,0.000733397301435388,-0.00259401746345244,0.164389576021976,"Plasmablasts",0.00269569994666486,2834.21675058921,2.0786069165651,-7.35200774623785
143.10890946,405.1212830775,-0.0645933785583444,0.00296315237816777,0.328625347146937,"B-cells",0.0646613085670081,118.157181051827,-7.63217152506748,0.35011773203132
458.3440548225,244.58415597,-0.0975322882750861,0.0831215867815928,0.370098237062282,"Myeloid",0.128147358323394,59.6204092176377,-5.81491493889324,4.95574301873794
392.7103921125,285.62375952,0.112888582997499,0.0178292978998274,0.398252232402056,"CAFs",0.114287864774805,66.8504740941166,7.54665529319587,1.1918970173687
414.96039189,134.549503605,-0.0473515587983932,0.0535712338242356,0.387716047102667,"Endothelial",0.0714985819026407,106.858034664291,-5.0598945114869,5.72451676099899
178.638612075,378.7252437375,-0.0696723279596762,0.167010577291809,0.46225103755001,"CAFs",0.180960675868168,42.2202111411541,-2.94158039715326,7.05122183606623
245.470294575,227.73267099,0.109174982903933,-0.135208109151122,0.226787690087138,"Cancer Epithelial",0.17378265066541,43.964100640345,4.79977993579646,-5.9443029181107
413.42573844,235.6806907125,-0.0705493066012951,0.108634740624533,0.412861112725962,"Myeloid",0.129532665889663,58.9827893290481,-4.16119488857461,6.40758002007264
276.5321754525,250.1311856175,-0.000799754582118206,-0.0290031799309932,0.280006549242792,"T-cells",0.0290142043403087,263.326123087431,-0.210596273530596,-7.63729492843563
407.7054414675,216.26732457,-0.0778096040982606,0.115519723119652,0.39501525408496,"Myeloid",0.139280798818678,54.8546390328098,-4.26821774609592,6.33679271289865
198.549502965,207.064354365,-0.00425528378933104,0.0550431246907807,0.557677272838087,"T-cells",0.0552073637828557,138.390921425823,-0.588892644533889,7.61746874411359
179.5668298875,420.47524332,0.168414448598467,0.319365806553951,0.531111902066185,"Cancer Epithelial",0.361051166585266,21.1609839559837,3.56381544474799,6.75809470857795
190.9579188825,478.1212823475,-0.00299159895183771,0.00420571039658174,0.160989568807711,"Normal Epithelial",0.00516116888200263,1480.32318222369,-4.42853328032145,6.22581059777913
455.173262775,502.123757355,0.00314102049689821,-0.00877612600312118,0.134768443710238,"Myeloid",0.0093212873244308,819.650513655478,2.574539063685,-7.19335618636347
259.47524493,339.47524413,-0.00437081778604976,-0.0113094841071219,0.0948602654386168,"T-cells",0.0121247053113918,630.134732942471,-2.75420409835267,-7.12649874755837
298.8094029525,444.80197575,0.00576013488040541,-0.0155672621163741,0.162930338338534,"Cancer Epithelial",0.0165987590994134,460.287296034678,2.65131690889684,-7.16541298620891
394.163362395,231.5321759025,-0.0624157038235155,-0.00231022030162844,0.544476838290232,"T-cells",0.0624584437976713,122.324500561522,-7.63496979740738,-0.282596544583786
344.7103925925,480.16831203,-0.00260908595583922,-0.0308255852289777,0.212670780743364,"Myeloid",0.0309358050523002,246.969423633341,-0.644364454723458,-7.61297701716106
431.21781747,482.6757377475,-0.000339832438456103,-0.000412753872773183,0.0102712444153998,"Normal Epithelial",0.000534651143939936,14290.0619029786,-4.85622658217787,-5.89827839262294
383.12870904,170.9480180925,-0.0333542268172729,-0.0335483668487369,0.294181795953895,"Normal Epithelial",0.0473074768381861,161.500854707028,-5.38673613908166,-5.41808992009594
144.648513405,483.32672784,-0.00194108004105535,0.00349724515741225,0.101186448504638,"Normal Epithelial",0.00399981442279849,1910.13810537102,-3.70773095199497,6.68022123899741
410.25742164,481.46534172,-0.000976899426949153,-0.000803096702462062,0.13796114961216,"Plasmablasts",0.00126463307084665,6041.4345627424,-5.90187396229386,-4.85185617547876
437.262371865,135.767325375,0.0194497345726367,-0.177822650725929,0.275418903492808,"Cancer Epithelial",0.178883166581269,42.7105472773983,0.83070880799745,-7.5949027308221
327.8292046425,290.20791789,0.0288518393949096,0.0182815457626583,0.26376099320506,"T-cells",0.0341561641865978,223.684307806374,6.45370372399103,4.08929490955078
187.024750605,224.6856413175,0.0763722469916752,0.192125014024295,0.36707241444566,"Myeloid",0.206748013592376,36.9541540479485,2.82227178031834,7.09981736471808
339.4628678925,393.1311841875,-0.0309313545876559,-0.150206435786811,0.577238355243333,"CAFs",0.15335814959892,49.819314874244,-1.54097889368932,-7.48318172060104
216.0024730875,274.1262348825,0.0024841352195603,0.0378323567047656,0.153736157215732,"T-cells",0.0379138252043457,201.514827433563,0.50059008009133,7.62378083276584
153.01980045,339.8688084825,-0.2104221585697,0.0659773524769649,0.635051510329845,"CAFs",0.220523232011962,34.6457734801636,-7.29023844101289,2.28583640873784
304.49504646,111.41584047,-0.0427056067152965,0.0275597339190147,0.0659317642658335,"Cancer Epithelial",0.0508262508809028,150.319919549106,-6.41950336573915,4.14277698550107
472.7004903225,154.0594044,-0.0379554501659189,0.0256583622129736,0.35593519916867,"PVL",0.0458144927806661,166.763778876194,-6.32959429861572,4.27888544240962
421.91088687,397.9876197825,0.0415958854811585,-0.0787446453739113,0.548983552189509,"Plasmablasts",0.0890558075816771,85.7911252603355,3.56855782162864,-6.75559173485392
371.113857675,272.648512125,0.148385955446348,0.00451589617949386,0.545087758532485,"CAFs",0.148454656686914,51.4648587919537,7.63666224375543,0.232409959196775
283.99999716,233.6806907325,0.00665143685464928,-0.0131789635216764,0.0920432090740947,"T-cells",0.0147623403204595,517.546525655641,3.44242803474162,-6.82072678238606
130.1658402825,454.4876192175,0.178747971984817,0.194119862530357,0.258414319292539,"Cancer Epithelial",0.263881334158917,28.9531579327201,5.17531826302984,5.62038303771935
303.71286825,534.7747471275,0.0328605728070143,0.0100640015975396,0.242497328234379,"PVL",0.0343671554447029,222.311036352519,7.30526799586475,2.23733862500244
255.925740015,248.3292054375,-0.000543252723155905,-0.0407390962309923,0.454468868954845,"T-cells",0.0407427181866805,187.523029474693,-0.101872396416572,-7.63951874329672
210.34653255,220.608908685,-0.0398279973574428,0.18127791942058,0.33142926826845,"Myeloid",0.185601598707982,41.1645050289723,-1.63949979751435,7.46221582563008
233.6212847925,247.1113836675,-0.00591672115617802,-0.0409227951931584,0.326932646326675,"T-cells",0.0413483101911209,184.776546080972,-1.09327129936279,-7.56157275177084
466.2846488025,336.3242540625,-0.233053821974263,-0.168933346900935,0.493748249042288,"Cancer Epithelial",0.287841205583848,26.543100137115,-6.18597093400025,-4.48401474328951
315.3787097175,254.3193043875,-0.00764989883050034,-0.0302865664452553,0.267386744147604,"T-cells",0.0312377505457701,244.582206142067,-1.87102913272739,-7.40755523764885
140.430691665,197.5519782225,0.0925789999754794,0.142571258814431,0.146759142372048,"Cancer Epithelial",0.169992455939643,44.9443353304615,4.16090161945673,6.40777046464181
479.945539755,442.7796985425,0.0180725768663899,-0.0256920337566039,0.203979179916485,"Myeloid",0.0314117594722429,243.227315876759,4.39574436218841,-6.24900441003384
274.371284385,141.3490084875,-0.0106700800300194,0.0177323160039038,0.258110948681071,"T-cells",0.0206950631482323,369.179735701971,-3.93917732540145,6.54641173570504
283.450492215,161.945542935,-0.0011710363738904,4.20216902968113e-05,0.0754740705377293,"Normal Epithelial",0.00117179008846712,6520.10801132015,-7.63528364295009,0.273985959553453
409.6559364975,445.004946045,-0.118496861609092,0.0428140010630574,0.210852771996072,"Cancer Epithelial",0.12599422565432,60.6392705992875,-7.18556325628003,2.59620979590092
359.826729075,157.381186545,-0.133328390749224,-0.316055518366717,0.598770603016043,"Cancer Epithelial",0.343027040435345,22.272873688627,-2.96960640626539,-7.03946463917542
409.56435234,499.09900491,0.0165259248867163,-0.00823693062810889,0.0929722934606159,"Cancer Epithelial",0.0184649186170334,413.768297703306,6.8379038083493,-3.40818076429284
379.301976405,407.3143523625,-0.0112712545263677,-0.0363882628519843,0.689425002217734,"T-cells",0.0380939214571467,200.56212779235,-2.26058679069745,-7.29810742426129
491.85148023,217.0074235725,-0.0112965922795346,-0.0363046811272642,0.298607749364669,"PVL",0.0380216105508746,200.943564270563,-2.26997751676101,-7.29519202541873
295.183165365,217.8242552475,0.0176390171531554,0.0188375484765803,0.355340844409797,"T-cells",0.0258067463802941,296.054288704678,5.22210667672705,5.57693701517387
294.8193039825,414.21781764,-0.101134730878917,-0.212008382558433,0.657303772109018,"CAFs",0.234895270418528,32.5259760649372,-3.2895058359015,-6.89577957666162
431.816827365,338.6163332475,-0.00895489006010764,0.00346123236723024,0.259999275786321,"Normal Epithelial",0.00960053047954001,795.809977342633,-7.12639085584003,2.75448325174309
287.173264455,343.0569272625,0.0383460769305952,0.0400455644824086,0.202657278595171,"CAFs",0.0554442860057001,137.799555081556,5.28407234015912,5.51826096866566
211.470294915,344.0915807175,0.00810261168388458,-0.0189062847169797,0.135413070079852,"T-cells",0.0205693927450307,371.435269777022,3.00959575670212,-7.02246096433253
349.41583809,123.8440581675,-0.0458886951131383,0.0110087248180948,0.291952791968812,"Cancer Epithelial",0.0471907232547573,161.900420600775,-7.42939903963782,1.78231717832774
134.123761035,144.02970153,-0.00390603490289828,-0.195033434806778,0.300478352926243,"Cancer Epithelial",0.195072544970307,39.1659315490191,-0.152983495634993,-7.63866615741236
348.70296681,141.4851471,0.0471913553879454,-0.00641633028067857,0.295880704104949,"Normal Epithelial",0.0476255532001689,160.422240373534,7.57054295759782,-1.029322078603
280.5371259075,273.6559378575,0.00186351983423083,-0.00168087326622055,0.0971860130877071,"Normal Epithelial",0.00250958982896939,3044.40106315604,5.67330176454469,-5.1172523587124
348.668313345,535.4455392,0.13458984403402,-0.216010551022168,0.360178082352343,"Cancer Epithelial",0.254509300949891,30.0193270536083,4.04029654615137,-6.48449137816459
495.5222722725,238.7697995925,0.00546057849197965,0.029631832378776,0.328630092918974,"Plasmablasts",0.0301307717722422,253.567947119047,1.3846276782937,7.51368290566195
275.71286853,330.094056105,-0.120714118886665,0.151435775918085,0.356566196259726,"Cancer Epithelial",0.193661283499042,39.451344147669,-4.76233424768044,5.97434491201367
229.7252452275,346.480194555,-0.00654984136448011,0.00598297861554234,0.0247612142397676,"B-cells",0.00887110224345834,861.245619058666,-5.64102218068773,5.15281412155753
208.15841376,308.8044523575,0.0155484270023374,-0.00723656547893664,0.108362015142956,"T-cells",0.0171499697427708,445.493377422463,6.92672125887792,-3.22384199615029
195.0470277525,460.48514391,-0.0335583758370484,0.215171389409232,0.439305679659229,"CAFs",0.217772568082208,35.0833808439815,-1.17734127999663,7.54893980137274
426.1064313825,322.7301947925,0.247964090374105,0.118854101498972,0.489880683075602,"Cancer Epithelial",0.2749772491647,27.7848366241523,6.88964173970105,3.30234179225934
260.103957795,361.8242538075,0.00696639986212107,-0.186417508664218,0.289766268540968,"Cancer Epithelial",0.18654763001339,40.9557491716813,0.285314125382666,-7.63486872606142
412.91088696,515.569301775,-0.00197351430046197,0.00529598086652248,0.427137325310683,"Plasmablasts",0.00565174061972947,1351.83095924981,-2.66785772988672,7.15927089495971
378.024748695,372.0321744975,-0.0718726143517577,-0.223480465772606,0.542877550214534,"Normal Epithelial",0.234753469145181,32.5456231646783,-2.33913902255255,-7.27331102370203
372.3638576625,136.8242560575,-0.239847965805724,-0.113461883175455,0.448916673747137,"Cancer Epithelial",0.265331199889618,28.7949473962295,-6.90640955846848,-3.26712895751435
311.6262345075,457.7598964125,-0.0199134490035776,0.00303553935601016,0.172612788461566,"Myeloid",0.0201434840680546,379.288802154962,-7.55294821934085,1.15134608623534
308.2400959275,276.0618784275,-0.00170084201123004,-0.00200731730710598,0.0466862942141981,"Normal Epithelial",0.00263100481158288,2903.90876891003,-4.93909003094149,-5.82906633008992
359.163362745,518.410885905,-0.024500011412287,0.0831715427600308,0.267928511349668,"CAFs",0.0867049945752021,88.1171607337269,-2.15887144359464,7.32884020185767
476.88118335,462.1782132,0.00612050130272545,-0.0247202062910816,0.228856791048481,"Normal Epithelial",0.0254666278739509,300.008229641387,1.83620076034846,-7.41626532575725
486.074252565,416.92078791,0.0433021210602237,-0.110457283688492,0.594930006258045,"Myeloid",0.118641835825961,64.3971655547173,2.78853385878563,-7.1131359844122
393.0074218125,305.0272246725,0.00484790505812697,-0.0932218540786079,0.289225510796975,"CAFs",0.0933478240844738,81.8465563427178,0.396784334484136,-7.6298877322174
411.8143523175,370.9183131225,0.239702271655868,-0.252753695912964,0.568309414638253,"Cancer Epithelial",0.348341226148509,21.9330856352407,5.25741045118988,-5.54366845708264
448.5470252175,428.0222729475,0.00766420567735522,-0.0395861648685859,0.366244542990494,"T-cells",0.0403212660722313,189.483086411855,1.45223734664053,-7.5009086985082
178.46534475,288.757422855,-0.0334784573102085,-0.026604037297267,0.307110150425066,"T-cells",0.042761921196151,178.668257404854,-5.98153762821776,-4.75329698383645
195.9381168525,151.7846519475,-0.0192447622661528,-0.0134035561139325,0.207470662914705,"T-cells",0.0234524239936957,325.774339806144,-6.26944972198211,-4.36653464407097
440.0618767875,262.1905914375,-0.0153444521362297,0.0758719757421726,0.311294349113531,"Plasmablasts",0.0774080675019204,98.7002800865744,-1.5145017236209,7.48858525647421
429.856431345,303.331680135,0.269249827125273,0.30572813906578,0.726004096826028,"Cancer Epithelial",0.407388223226463,18.7540962350129,5.04953716916795,5.73365494179105
239.965344135,470.56435173,0.114402336086142,-0.0157978149271078,0.30991158919485,"Myeloid",0.115487945078427,66.1558047310618,7.56837860689212,-1.04511715949519
426.2376195,432.6856392375,0.0100956383284673,-0.00179181096891797,0.225801605282482,"Normal Epithelial",0.0102534140561841,745.136975990161,7.52263341476449,-1.33514460692554
298.757422755,291.331680255,-0.0565109569832394,0.0526990634487266,0.160773781869333,"Myeloid",0.0772701724311163,98.8764189728058,-5.58760105922898,5.21069467703076
326.6905907925,534.816826335,0.142055568343801,-0.148921092476242,0.174817667424606,"Cancer Epithelial",0.205808834314268,37.1227890622688,5.27349889874764,-5.52836630291816
341.846531235,200.272275225,0.127728478416126,-0.0572970100569798,0.60615669654927,"CAFs",0.13999111243207,54.5763071002624,6.97094866348773,-3.12705921679655
323.094056175,107.3341573425,0.00476485556100165,-0.00323139356946215,0.155194293040481,"Normal Epithelial",0.00575723483262318,1327.06032766061,6.32325078203833,-4.28825420909083
325.341580905,348.420788595,-0.282429254410911,-0.360999376858918,0.69757794124985,"Cancer Epithelial",0.458352303190058,16.6688328829712,-4.70776604303763,-6.01743828371803
369.024748785,117.99999882,-0.193222662546536,-0.053073200388058,0.384343423963446,"Cancer Epithelial",0.200379045613566,38.1287270832412,-7.36733416653409,-2.02361357303044
333.94059072,460.1509854975,-0.010859546133419,0.0224328277453272,0.224015275116449,"Cancer Epithelial",0.0249231118216682,306.550722801701,-3.32900171649802,6.87679955981609
188.549503065,130.6064343375,0.00710573474304042,-0.00124021913207385,0.0312831834962415,"T-cells",0.00721315532440649,1059.20330282485,7.52641770882569,-1.31364420091919
133.777226385,516.232668105,-0.0683050005754844,0.106097706943396,0.156612927871781,"CAFs",0.126183582617802,60.5482724843962,-4.13574978689127,6.42403286997836
206.07920586,517.5420740325,-0.179589397697923,0.0947425002566217,0.14713067525996,"Cancer Epithelial",0.203048006935253,37.6275446320252,-6.75750807731711,3.56492765695569
306.509897925,306.0470266425,0.193177390778306,-0.130613744198414,0.433785374113872,"Cancer Epithelial",0.233189739228473,32.7638684647026,6.32923862181489,-4.27941153459916
336.86138277,517.193064135,0.144111099450484,-0.211566067695553,0.389835938995253,"Cancer Epithelial",0.255984784674767,29.8462971270227,4.30118269350106,-6.31446371843726
287.935640685,106.094058345,-0.00101911036264137,0.00141820262847318,0.0653021223319236,"T-cells",0.00174639188805127,4374.84736139344,-4.45845228097031,6.20442002709715
306.01979892,202.559403915,-0.178129258609293,-0.014558961435342,0.303824352524086,"Cancer Epithelial",0.178723238922005,42.7487661340682,-7.61480601792362,-0.622377637554354
217.2450473325,325.876234365,-0.00726713901508483,0.00752619587232404,0.0504314801674461,"B-cells",0.01046207119901,730.275850552703,-5.3070161253258,5.49619909208768
250.37623512,509.9826681675,0.0127493489056087,0.008962315512248,0.108573623451468,"PVL",0.0155842547739064,490.251093442876,6.25038224165938,4.39378497965963
448.985144025,185.767324875,-0.0382797324779236,0.00112587870660759,0.243210405580177,"B-cells",0.0382962860006476,199.502321015432,-7.6368954771956,0.224615415150066
469.88118342,405.1311840675,0.0270666553246146,-0.0951040933683225,0.47702474454239,"Myeloid",0.0988806978427645,77.2668287146303,2.09135462084493,-7.34839169235038
169.3391072175,473.37623289,0.00202273479251568,0.00443999372054566,0.198060990917412,"Normal Epithelial",0.00487903681881356,1565.92340396765,3.16744775161994,6.95269008047183
340.18811541,184.391087265,-0.0262314280087126,0.0167462735453418,0.468144169781249,"T-cells",0.0311211422192645,245.498635286934,-6.43977977776638,4.11118730152309
137.8688105025,498.60395541,-0.0230312866903394,0.109719179098125,0.146090307968002,"CAFs",0.112110385016639,68.1488868517049,-1.56955655070912,7.47723992182006
437.9925698775,282.1806902475,0.19389707171006,0.300501960404648,0.632272430124434,"Cancer Epithelial",0.357627603275772,21.3635577159533,4.1423312824322,6.41979097486182
324.836630415,439.5569262975,0.00653457325683181,0.0129870849688243,0.14130583802824,"Myeloid",0.0145383982486505,525.518548379921,3.43403945221251,6.82495404050325
389.26732284,511.99999488,0.000980258546615133,0.00350201777547574,0.337536623214473,"Plasmablasts",0.00363662416506848,2100.90391434665,2.05942901765549,7.35740285260853
162.73267164,391.044550545,-0.0434859037582388,0.00678830702344058,0.295428006267529,"T-cells",0.0440125543216399,173.591332317731,-7.54877597043332,1.17839126038086
365.5717785225,344.37623418,-0.0754204740824913,-0.0659119838613196,0.492701372801013,"Myeloid",0.100163054702633,76.2776052116468,-5.75289314693951,-5.02760828369017
185.17821597,495.1608861375,0.148177662400197,-0.17674412551515,0.540485455704475,"CAFs",0.230640641558468,33.1259828787078,4.90853070767588,-5.85482287572703
260.82177957,525.8737571175,0.0611803990225909,-0.013306036216717,0.110696615630765,"Myeloid",0.0626106366711282,122.027156240741,7.46567011040055,-1.62369776036228
348.8094024525,273.78217548,0.039638384026559,0.0158913121576547,0.358204421260459,"T-cells",0.0427052138541536,178.905507170453,7.09152519768872,2.8430432611692
211.63366125,255.8935617975,-0.195645442633395,-0.0826027792925336,0.324533175920256,"Myeloid",0.212368449563649,35.9761440981381,-7.03856863632302,-2.97172949073489
278.13861108,289.5321753225,-0.0183138844997193,0.0318010479274734,0.40217266531589,"T-cells",0.0366974796785081,208.194077913053,-3.81284229642521,6.62078984992912
201.9678197625,188.2549486125,-0.0180393804095147,0.0193430130272243,0.402734096594273,"T-cells",0.0264494120639865,288.860785446452,-5.21086959405975,5.58743793594498
261.8787102525,316.5470265375,0.0471553251110972,-0.0249952654656211,0.0967604651625565,"Myeloid",0.0533702911930425,143.154511107408,6.75049751239,-3.57818500773087
340.044551055,256.12871031,-0.225211834805569,0.192356128844808,0.548863846757435,"Cancer Epithelial",0.296177735221018,25.795990160093,-5.80956227458094,4.96201680691425
449.5965301575,410.9727681675,-0.00352733375117635,-0.0942176319573907,0.485711682162519,"Myeloid",0.0942836372603991,81.0341875366854,-0.285834624697304,-7.6348492572976
291.7153436175,260.1559379925,-0.00400054504346923,-0.0165268290330806,0.119495507989348,"T-cells",0.0170041300434189,449.314250355136,-1.79750189721833,-7.42573979774609
382.173263505,320.2970265,-0.00380528423950285,-0.12554432258415,0.464497881995603,"Myeloid",0.125601978970304,60.8286430360017,-0.231470276655242,-7.63669078366793
413.3094018075,290.9529673875,-0.151420064925799,-0.105603409914386,0.737486481505973,"Myeloid",0.184608006997744,41.3860594004102,-6.26667980143311,-4.37050899560267
161.03960235,209.935641465,0.00239148107499684,0.00434014428693661,0.0767372570554868,"PVL",0.00495540454085199,1541.7909638688,3.68716391169337,6.69159524348564
197.1658396125,406.39603554,0.0864272202335968,0.306109595129988,0.40595896566914,"Cancer Epithelial",0.318076639550835,24.0199907613113,2.07598103153681,7.35274964697105
134.7598996425,162.8490082725,0.0287467200036733,-0.205447010282373,0.249323954671307,"Cancer Epithelial",0.207448422372732,36.8293856179466,1.05872403626642,-7.56648716574378
494.3440544625,144.6905926125,-0.0393915160163905,0.127210447959383,0.307967855299288,"CAFs",0.133169777367451,57.3718609014316,-2.25996457758887,7.29830012553452
456.2252429625,483.896034765,-0.164499775571275,0.197444122830157,0.443538939184678,"Cancer Epithelial",0.256990968329959,29.7294414393213,-4.89048644462772,5.86990348721733
492.22771785,198.78217623,-0.0196776832899909,0.00666691753161732,0.332451441832969,"T-cells",0.0207764051037367,367.734355642974,-7.23616018519134,2.45165462261414
321.7450462875,475.420787325,-0.0319866904289338,-0.0255898169993432,0.285511691027105,"Myeloid",0.040963240822185,186.513512848383,-5.9659499962942,-4.77284666169476
264.0717795375,228.3539581125,0.0723031038212185,-0.0888602356950563,0.189093819323069,"Cancer Epithelial",0.114559505541718,66.6919598445522,4.8220356966812,-5.92626327075214
170.074255725,435.7450451475,0.221548335909413,0.20593482903058,0.46962147713045,"Cancer Epithelial",0.302477799106123,25.2587064768991,5.59602438718129,5.20164739985381
127.54455318,414.499995855,0.0362782755529034,0.0999479543182618,0.321541541464013,"CAFs",0.106328297501172,71.8547942829216,2.60676802679302,7.18173969653755
148.80197871,429.23761947,0.16070374231827,0.323640194944976,0.579924418850306,"Cancer Epithelial",0.361342868449232,21.1439012929445,3.39790406498429,6.84301633634589
172.311879465,508.074252345,0.0181536339700117,0.0440306124308429,0.053482361670155,"Cancer Epithelial",0.0476261404834809,160.420262188787,2.91221072114855,7.06340239048867
155.1361370625,289.3044525525,0.315894991364257,0.144818308203248,0.639785836934767,"Cancer Epithelial",0.347508255959301,21.9856587933692,6.94515949466887,3.18392591118959
374.361382395,530.787123405,0.00387171726450624,0.00193341479842278,0.420735069276673,"Plasmablasts",0.00432761913285306,1765.45063436834,6.83532570071739,3.41334838237263
392.0420752875,466.1410844475,-0.00870299594311045,-0.00240797583807933,0.216183281210014,"Plasmablasts",0.00902997707763263,846.092728443892,-7.36354158314245,-2.03737084686751
316.252472085,516.569301765,-0.129743679919968,0.0340710487354275,0.470571308772371,"Myeloid",0.134142680907707,56.9557570469059,-7.38964951189322,1.9405423741083
426.3094016775,205.12871082,0.00133263704344926,0.0511454128946071,0.0927044947724133,"Myeloid",0.0511627714422256,149.331197822767,0.199004285961269,7.63760577069167
127.5717809025,390.9826693575,0.00026351795819529,0.0607065124576924,0.279765167563902,"T-cells",0.0607070844011657,125.853481826139,0.0331646525625922,7.64012596232248
284.3935615125,195.4628693325,-0.00461247072324112,0.00204352813596554,0.0716487505339508,"Myeloid",0.00504488784961957,1514.44356567334,-6.98532660866919,3.09480803678545
401.4232633125,147.4579193175,0.117394853352622,-0.069518023124535,0.469393148582674,"Myeloid",0.136434259380945,55.9991161902187,6.57400803302719,-3.89294785426515
292.341581235,468.896034915,0.077123384654727,-0.124962237426578,0.282138130640144,"Cancer Epithelial",0.146845419551504,52.028847523707,4.01264082071299,-6.50164119728868
205.3688098275,170.6212854225,-0.0231116780514638,-0.0147545007573224,0.478054381069176,"T-cells",0.0274197913003061,278.638077865848,-6.43979354851419,-4.11116573089053
384.3935605125,212.1064335225,-0.0395025114225977,0.0020179826011244,0.543609534551844,"Plasmablasts",0.0395540220770392,193.158559918868,-7.6302482195676,0.389790613174521
363.4430656725,213.24752262,0.0163118898051218,0.0593193262333846,0.644706382892085,"T-cells",0.0615212175903334,124.188015820423,2.02574122917945,7.36674942472839
244.232670825,357.678214245,-0.000233583046018039,0.00131568133499458,0.0847145353655376,"Plasmablasts",0.00133625537029423,5717.61813890236,-1.3355386608528,7.52256346598027
495.4480148475,285.8143535775,0.0184325805502882,0.425064053451879,0.723008240913603,"Cancer Epithelial",0.425463523186988,17.9573512816566,0.331000323968956,7.63302452504026
244.410888645,445.292074755,0.0199975118882185,-0.00964048594090798,0.265413017418696,"Plasmablasts",0.0221999876327958,344.153252234845,6.88220875293537,-3.31780458968778
463.292074575,313.3886107275,-0.00203059187495723,-0.00275404951669712,0.150047413508504,"Cancer Epithelial",0.00342170894482011,2232.86026561843,-4.53402791327962,-6.14940773537865
459.9925696575,263.99009637,-0.113171984918799,-0.0459217420368526,0.37546595466699,"Myeloid",0.12213396154289,62.5558841036774,-7.0795735723635,-2.87267517269632
241.4925718425,191.26732482,-0.00624680437539037,-0.0253980926338952,0.511527037013938,"Cancer Epithelial",0.0261550315301725,292.111976029784,-1.82476636996678,-7.41908702667463
228.4034630625,505.8242523675,9.72035018982381e-05,-0.0155981851283431,0.0629894195423037,"PVL",0.0155984879978428,489.80375177752,0.0476106399156703,-7.64004959678276
224.6361363675,173.5965329175,0.00116204798726073,0.000684150380455019,0.0542168776882096,"T-cells",0.00134848702914543,5665.75560481422,6.58387989688558,3.87622885259881
341.8985114325,164.9925726075,0.0225796638132536,0.100251226681981,0.711744443882644,"Endothelial",0.102762588859767,74.3480485279139,1.67875394093176,7.4534830663348
395.311877235,529.6509848025,0.00198866449150304,0.00392363720112857,0.223061180167089,"Plasmablasts",0.00439883113404516,1736.87002537287,3.45405174581501,6.81484784507812
113.5123751025,511.49504439,-0.0146157815022511,0.107920736742841,0.112051289686302,"CAFs",0.108905952491309,70.1540895481331,-1.02535684432487,7.57108102955778
382.66336251,426.1386096,-0.0322837614133251,0.0123585063161601,0.248628531835233,"Myeloid",0.0345683949491305,221.016855270342,-7.13525542387114,2.73143820183637
300.04950195,509.48514342,-0.124695927498269,0.123227743469911,0.497256624806192,"CAFs",0.175311582889835,43.5806797101425,-5.43433327746119,5.37034881956578
199.1509881075,242.3440569825,0.000420788660342501,-0.00507493821034278,0.174760040893817,"Plasmablasts",0.00509235318251494,1500.3275832543,0.631320833832481,-7.6140697802885
242.589106485,330.0371254125,-0.0442333853617506,-0.013371233020556,0.0704613981418778,"Myeloid",0.04621019641866,165.335759973417,-7.31336038498203,-2.21074297323527
372.0915804375,289.7054426475,0.186877109900022,0.0528696850432309,0.692067173942008,"CAFs",0.194211888928447,39.3394965959826,7.351651428779,2.07986679478886
389.2351446225,343.242570825,-0.250027785274851,0.0151997237596965,0.489987621950367,"Normal Epithelial",0.250489371055576,30.5010863782514,-7.62611907563113,0.463608087320064
127.6707908025,343.9381153725,0.013346814370578,0.0205245626644084,0.173486780696239,"T-cells",0.024482547383961,312.067115548819,4.1651018623918,6.40504106858293
162.6905924325,228.16831455,0.111329938122526,-0.382739990156079,0.708336632379484,"Cancer Epithelial",0.398602879050115,19.1674429487485,2.13391023745121,-7.33614692552122
365.5074220875,195.6113841825,-0.0231103031039388,0.0338071104240815,0.574306541363442,"Plasmablasts",0.0409512737870504,186.56801698354,-4.3116434219904,6.30732555176443
134.93069172,253.9876212225,-0.146361278047207,0.00522469887121311,0.417833163992514,"CAFs",0.146454502115526,52.1677233068142,-7.63533465599838,0.27256064507487
458.133658785,541.5272223075,-0.0258742428637122,0.0273027875082887,0.238589972180164,"Myeloid",0.0376154044175139,203.113539830578,-5.25540905848464,5.5455658180506
256.5272251575,283.608908055,-0.0480799312750882,0.0336559264765365,0.383392565004005,"T-cells",0.0586890209358721,130.181042749857,-6.25909558873243,4.38136360342803
306.0767296125,351.3242539125,-0.206584667940203,-0.320370321314325,0.671939589035808,"Cancer Epithelial",0.381201216953734,20.0424279976191,-4.14045833260358,-6.42099909751646
299.4282148275,483.608906055,-0.0874417260204825,0.107325945760085,0.519938434068639,"CAFs",0.138437401314594,55.1888280973863,-4.82580638588316,5.92319317094276
287.440591185,376.5717784125,0.162384147281189,0.138773391949478,0.647429193378446,"CAFs",0.213603992475333,35.7680484098736,5.80816404094961,4.96365340125129
439.3886094675,445.05940149,0.0123598114570157,-0.0115789038291868,0.274631586729197,"Normal Epithelial",0.0169362319640035,451.115570431403,5.57570339585624,-5.22342380587395
180.6460377975,205.2648494325,-0.188688038846481,-0.137310084573252,0.331400282780201,"Cancer Epithelial",0.233360740762547,32.7398598343248,-6.17761994424743,-4.49551292276754
354.5470261575,461.955440925,-0.0188412692985328,-0.0590383939759097,0.429894590430245,"Myeloid",0.0619719726330747,123.284730480282,-2.32284080737602,-7.2785324893087
342.7747490475,424.89108486,-0.000730232989828996,-0.0288114295303293,0.384483626695295,"T-cells",0.0288206820148408,265.094279846181,-0.193580588558641,-7.63774516268164
375.2301942675,232.6707897525,-0.0372920556147233,-0.0275999868632483,0.598357479406009,"Plasmablasts",0.0463945760496105,164.678688630115,-6.14120681495395,-4.54512964284813
397.47524355,269.16831414,0.117955178183463,0.0274725888837609,0.467576001817707,"CAFs",0.121112209129669,63.0836312730455,7.44104096727195,1.73307066725914
476.757420975,520.9777175625,0.0148881045891995,-0.00299789495371751,0.179719570881061,"Myeloid",0.015186936241799,503.076974957718,7.48986261958862,-1.50817192455722
454.5668271375,466.84157949,0.0167109954037721,-0.0162327502157018,0.250416404470163,"Normal Epithelial",0.0232972004101407,327.944895047322,5.48028563382632,-5.32344756581771
284.490096165,517.6856383875,0.0805745449238168,-0.0568953175044582,0.236582774262285,"Myeloid",0.0986373886698816,77.4574230565868,6.24109661375604,-4.40696467788165
492.96039111,163.50494886,-0.020965202410819,-0.0874197018244174,0.2741096304408,"Myeloid",0.0898985204505428,84.9869153030523,-1.78176788159962,-7.42953079476985
451.35643113,369.22771908,0.0667282422528622,0.0933291804444848,0.703859873684384,"Myeloid",0.114730092986086,66.592798319501,4.44362037855965,6.21505129066389
478.48514373,134.6658402375,-0.0574359111022976,0.164282974280453,0.405246806948186,"CAFs",0.174033845911026,43.9006441730075,-2.52147349605446,7.21212839756951
170.6113844325,329.3193036375,0.260117399092864,-0.149095297932312,0.451698390124188,"Cancer Epithelial",0.299817393051773,25.4828376220344,6.62852944374938,-3.79937126741796
231.1064333325,137.74257288,-0.00609079231516283,-0.026311499872676,0.510291036662044,"T-cells",0.0270072726608274,282.894094466699,-1.72304917658272,-7.44336793054134
419.7648472875,273.9133635975,-0.0866076385019239,-0.114041340275522,0.534651237571229,"Myeloid",0.143200245595869,53.3532460898265,-4.62079865025188,-6.08447569213355
458.955440955,284.569304085,0.0431114892357367,0.414419834595033,0.702254300485864,"Cancer Epithelial",0.416656212974075,18.3369351169987,0.790532580912891,7.59918961816645
481.85148033,324.5965314075,-0.155643836627508,-0.211170930147229,0.483183408421698,"Cancer Epithelial",0.262332166573938,29.1241369412722,-4.53299241200454,-6.15017108762373
252.7648489575,489.400985205,-0.067816670188577,0.200287475104682,0.180012522201356,"Cancer Epithelial",0.211457261495733,36.1311684893554,-2.45029553697052,7.23662050931482
485.113856535,391.6361346975,0.0429128619536585,-0.0281743828206119,0.269845655118195,"Plasmablasts",0.0513352663222482,148.829420606099,6.38669638111252,-4.19317707112611
227.25742347,212.410888965,-0.00908620086580693,0.0504971636394349,0.644106249543815,"T-cells",0.0513081141906586,148.908180780322,-1.3530096411319,7.51944077211449
439.0915797675,241.608908475,-0.102352563686545,0.126869484685117,0.528734589343965,"Myeloid",0.163008936679789,46.8698103246219,-4.79724524622714,5.94634868317396
274.97029428,177.8044536675,0.0126195456431219,-0.00113885233840261,0.108361289152198,"T-cells",0.0126708293685742,602.975363424037,7.60927512040767,-0.686699902634631
326.9579175225,210.826730565,0.145055709784821,-0.0376792704515786,0.57910731967957,"CAFs",0.149869564498404,50.9789827505727,7.39479252699246,-1.92085087840519
243.8490074625,379.4331645225,0.0460023781664842,0.0952996376339144,0.418431968126996,"CAFs",0.105821735622355,72.1987585864731,3.32131459564563,6.88051553090936
433.945540215,463.866331995,-0.183868595614045,0.230063767895298,0.554458901164059,"Cancer Epithelial",0.294511456061157,25.9419380338586,-4.76990771379215,5.96830001057585
221.7004928325,295.8935613975,0.0172023649965837,-0.0424481199969612,0.30880696677322,"T-cells",0.045801356451006,166.811608550781,2.86955417595777,-7.08083917664968
324.0321749775,328.420788795,-0.232800460852885,-0.206386322768691,0.582952445926603,"Cancer Epithelial",0.311113112547989,24.5576211199439,-5.71702551417349,-5.06835711889197
485.1608862375,369.28712502,-0.0135701041900955,0.125226493734761,0.633257094020381,"Myeloid",0.125959606465057,60.6559369135492,-0.823107383664719,7.59573030388061
294.6534624,320.7252443175,-0.0535414930372244,-0.0616403689953866,0.116755421388103,"Myeloid",0.0816469629964432,93.5760212383262,-5.010199889583,-5.76806047825056
472.6658368575,174.04950321,0.0670233596676863,-0.129265815580554,0.608642192053239,"Myeloid",0.145608316448099,52.4708899173577,3.51677532701464,-6.7826923794047
429.7202927325,187.4975228775,-0.009782065668178,-0.0134257552894919,0.0793311562461643,"T-cells",0.0166114332262411,459.936107820653,-4.49912520986782,-6.17498963240145
137.4282164475,179.3143546425,-0.0131376666136184,0.0754915539513309,0.0698378896220846,"Myeloid",0.0766261900529922,99.7073968850113,-1.30992253918701,7.52706633129159
361.8292043025,177.3737606025,-0.00261833794580051,0.0271592223353657,0.523592069303993,"Plasmablasts",0.0272851434201883,280.013112840998,-0.733168958673305,7.6049383884665
378.45544176,500.2202920275,-0.0150519965150132,0.00459379243688375,0.0538872143567371,"Myeloid",0.0157373926697258,485.480543298479,-7.30745144583543,2.23019684805877
157.56435486,255.7945518975,-0.199355895876191,-0.047417958578636,0.698420660177864,"CAFs",0.204917632272979,37.2842388361299,-7.43283283523855,-1.76794249276758
187.78217634,361.6905904425,0.247956980069081,-0.227259574648916,0.499943689732696,"Cancer Epithelial",0.336347407057918,22.7151979860049,5.63239189428106,-5.16224623236539
476.1608863275,483.3490050675,-0.0457045299329844,0.210235567677193,0.258089171284639,"Cancer Epithelial",0.21514622463094,35.5116523959736,-1.62304337990151,7.46581240062268
478.2648467025,251.0891064,0.00628087687998533,0.0472483020267813,0.454993750399657,"Plasmablasts",0.0476639429631611,160.293032183783,1.00678079986587,7.57357359740796
154.7252459775,516.2747473125,-0.12713760552459,0.0856242452403225,0.386113578429016,"CAFs",0.153282360731759,49.8439475157234,-6.33704013704242,4.26785038583206
346.5321747525,221.4480175875,0.0144340014439333,-0.0954552138727684,0.655976908165983,"Endothelial",0.0965403452095517,79.1399484517699,1.14230613022565,-7.55432070534356
438.54455007,536.7846480975,0.0506657699088111,-0.147311405431187,0.249004562722079,"Cancer Epithelial",0.155780840961153,49.0445288153581,2.48487881224499,-7.22481846850075
325.490095755,270.7995022425,-0.0276196217936569,-0.0620810617089023,0.116399321050987,"Cancer Epithelial",0.0679477867993445,112.442189853249,-3.10561075739731,-6.98053052696367
158.29702812,412.79207508,0.168038714117527,0.173493004807653,0.415600082398791,"Cancer Epithelial",0.241530188919439,31.6324761620103,5.31548061861752,5.4880133388536
428.06930265,169.26732504,-0.0259737647408802,-0.117525254800548,0.419362439151463,"Myeloid",0.12036121456162,63.4772419938361,-1.64874294994782,-7.46017903936165
264.11880924,380.6460357975,-0.109730173642567,-0.348593669861036,0.631307130346585,"Cancer Epithelial",0.365456232228721,20.9059177806506,-2.29400998822803,-7.28767060097008
342.9282143925,340.2153431325,-0.299168135338925,-0.186649822832102,0.583519358145285,"Cancer Epithelial",0.35261839084969,21.667043301371,-6.48208894277892,-4.04414979349638
274.22772003,211.905938475,0.0114331014807521,0.0103135673890605,0.22060900962514,"T-cells",0.0153975803864721,496.194710573649,5.67304448020096,5.11753758559671
209.8688097825,482.8589060625,0.0218065068652486,0.0145710384646335,0.0711383582085293,"Endothelial",0.0262266830461262,291.313923684623,6.35253907677124,4.24474638729194
359.0717785875,387.2896000875,0.0868323441027161,0.211201294154563,0.420867006234083,"Cancer Epithelial",0.228354642245203,33.4575985330575,2.90520170867298,7.06628810948557
