"","orig.ident","nCount_RNA","nFeature_RNA","stim","integrated_snn_res.0.6","seurat_clusters"
"AAACCAAAGCGCATTA-1","llp_ca",16090,5506,"llp_ca","3","3"
"AAACCAAAGGATGCCT-1","llp_ca",3503,2093,"llp_ca","2","2"
"AAACCAAAGTCAGTCA-1","llp_ca",2797,1740,"llp_ca","5","5"
"AAACCATTCACGCCTC-1","llp_ca",2764,1726,"llp_ca","6","6"
"AAACCCGCATAACGGT-1","llp_ca",7869,3548,"llp_ca","5","5"
"AAACCCTGTCATTACA-1","llp_ca",944,720,"llp_ca","6","6"
"AAACCCTGTGATCCCA-1","llp_ca",1639,1137,"llp_ca","13","13"
"AAACCCTGTTCGATGT-1","llp_ca",36756,7955,"llp_ca","9","9"
"AAACCCTGTTTACTGA-1","llp_ca",4063,2411,"llp_ca","5","5"
"AAACCGCTCGACTTGA-1","llp_ca",6397,3017,"llp_ca","5","5"
"AAACCGCTCGCGTTGG-1","llp_ca",1180,954,"llp_ca","8","8"
"AAACGAATCACAGAGG-1","llp_ca",1919,1253,"llp_ca","6","6"
"AAACGAATCCCGCGTT-1","llp_ca",2724,1876,"llp_ca","5","5"
"AAACGAATCTGTGAAT-1","llp_ca",14964,5036,"llp_ca","2","2"
"AAACGACAGCTAGTTG-1","llp_ca",2744,1782,"llp_ca","1","1"
"AAACGACAGCTGGTGT-1","llp_ca",1360,1023,"llp_ca","13","13"
"AAACGACAGGTCGTTA-1","llp_ca",16455,5760,"llp_ca","3","3"
"AAACGACAGGTGACAG-1","llp_ca",27304,7099,"llp_ca","3","3"
"AAACGATGTAGCTAAG-1","llp_ca",9880,4175,"llp_ca","2","2"
"AAACGATGTCTGGTGC-1","llp_ca",1370,1057,"llp_ca","7","7"
