Cluster,Celltype,Marker
0,Epithelial_cells,"EPCAM,AMBP,MUC1"
1,Basal_myoepithelial_cells,"KRT14,DST,MMP7,MIR205HG,MT1X,OXTR,KRT17,FST"
2,Epithelial_cells,"EPCAM,AMBP,MUC1"
3,Epithelial_cells,"EPCAM,AMBP,MUC1"
4,Fibroblasts,"TIMP1,FN1,POSTN,ACTA2,BST2,LY6D,COL6A1,SLC20A1,COL6A2,KRT16,CD9,S100A4,EMP1,LRRC8A,EPCAM,PDPN,ITGB1,PDGFRA,THY1"
5,Macrophages,"ITGAM,LGALS3,CD68,CD163,LYZ,ADGRE1,LAMP2"
6,T_NK_cells,"CD3E,CD3D,CCL5,FYN,CCL4,IL7R,GNLY"
7,T_NK_cells,"CD3E,CD3D,CCL5,FYN,CCL4,IL7R,GNLY"
8,Epithelial_cells,"EPCAM,AMBP,MUC1"
9,Epithelial_cells,"EPCAM,AMBP,MUC1"
10,Epithelial_cells,"EPCAM,AMBP,MUC1"
11,Epithelial_cells,"EPCAM,AMBP,MUC1"
12,Epithelial_cells,"EPCAM,AMBP,MUC1"
13,B_cells,"BANK1,CD79A,CD74,MS4A1,MEF2C,CD19,CD79B"
14,Epithelial_cells,"EPCAM,AMBP,MUC1"
15,Epithelial_cells,"EPCAM,AMBP,MUC1"
16,Endothelial_cells,"FABP4,VWF,ACKR1,LDB2,PECAM1"
17,Plasma_cells,"IGKC,IGLC3,IGLC2,IGHG1,IGHA1,IGHG3,IGHG4,IGHA2,FCRL5,TNFRSF17"
18,Fibroblasts,"TIMP1,FN1,POSTN,ACTA2,BST2,LY6D,COL6A1,SLC20A1,COL6A2,KRT16,CD9,S100A4,EMP1,LRRC8A,EPCAM,PDPN,ITGB1,PDGFRA,THY1"
19,Fibroblasts,"TIMP1,FN1,POSTN,ACTA2,BST2,LY6D,COL6A1,SLC20A1,COL6A2,KRT16,CD9,S100A4,EMP1,LRRC8A,EPCAM,PDPN,ITGB1,PDGFRA,THY1"
20,Fibroblasts,"TIMP1,FN1,POSTN,ACTA2,BST2,LY6D,COL6A1,SLC20A1,COL6A2,KRT16,CD9,S100A4,EMP1,LRRC8A,EPCAM,PDPN,ITGB1,PDGFRA,THY1"
21,Fibroblasts,"TIMP1,FN1,POSTN,ACTA2,BST2,LY6D,COL6A1,SLC20A1,COL6A2,KRT16,CD9,S100A4,EMP1,LRRC8A,EPCAM,PDPN,ITGB1,PDGFRA,THY1"
22,T_NK_cells,"CD3E,CD3D,CCL5,FYN,CCL4,IL7R,GNLY"
23,Epithelial_cells,"EPCAM,AMBP,MUC1"
24,Macrophages,"ITGAM,LGALS3,CD68,CD163,LYZ,ADGRE1,LAMP2"
25,Mast_cells,"TPSB2,TPSAB1,CPA3,MS4A2,HPGDS,KIT,ENPP3"
